CAI,EDAD,TRABAJA,VINCULO,TIPO_VIO,CONSUME_ALCOHOL,FUMA,CONSUME_DROGA,ADICCION_NO_CONVENCIONAL,RIESGO_PRESUNTIVO,MES
BREÑA,55,1,4,2,2,1,1,1,2,1
BREÑA,33,1,6,3,5,1,1,1,2,1
BREÑA,33,1,4,2,2,2,1,1,2,1
BREÑA,51,1,4,3,2,1,1,1,1,1
BREÑA,43,1,6,3,6,2,1,1,2,1
BREÑA,51,1,4,2,2,2,1,1,2,1
BREÑA,36,1,6,2,2,1,1,1,2,1
BREÑA,62,1,6,3,2,1,1,1,1,1
BREÑA,37,1,4,3,2,2,1,1,2,1
BREÑA,53,1,1,3,2,1,1,1,2,1
BREÑA,39,1,4,3,2,2,1,2,2,1
BREÑA,45,1,1,2,2,1,1,1,2,1
BREÑA,43,1,6,3,5,5,1,1,2,1
BREÑA,33,1,1,3,2,1,1,1,1,1
BREÑA,42,1,6,3,1,1,1,1,2,1
BREÑA,40,1,6,3,1,1,1,1,2,1
BREÑA,26,1,1,3,6,5,1,1,1,1
BREÑA,61,1,1,2,1,1,1,1,2,1
BREÑA,35,1,6,3,2,1,1,1,1,1
BREÑA,46,1,6,2,2,1,1,1,2,1
BREÑA,58,1,6,2,1,1,1,1,2,1
BREÑA,63,0,3,2,1,1,1,1,2,1
BREÑA,53,1,1,3,4,1,1,1,2,1
BREÑA,55,1,1,2,2,1,1,1,2,1
BREÑA,56,1,6,2,2,2,1,1,2,1
BREÑA,28,0,6,2,2,1,1,1,2,1
BREÑA,22,0,6,3,2,6,1,1,2,1
BREÑA,43,1,1,3,2,1,1,1,1,1
BREÑA,52,1,4,2,2,1,1,1,2,1
BREÑA,24,1,4,3,1,1,1,1,1,1
BREÑA,78,1,1,2,1,1,1,1,2,1
BREÑA,52,1,6,3,6,2,1,1,2,1
BREÑA,30,1,3,3,6,1,1,1,2,1
BREÑA,55,1,1,2,2,1,1,1,2,1
BREÑA,44,1,6,2,1,1,1,1,2,1
BREÑA,23,1,1,3,6,1,1,1,2,1
BREÑA,41,0,6,3,1,1,1,1,1,1
BREÑA,64,1,1,2,2,1,1,1,2,1
BREÑA,21,1,4,3,2,1,1,1,2,1
BREÑA,22,1,5,3,2,1,1,1,2,1
BREÑA,45,1,3,2,2,1,1,1,2,1
BREÑA,27,1,4,3,2,1,1,1,1,1
BREÑA,33,1,1,3,2,1,1,1,2,1
BREÑA,40,1,4,3,2,1,1,1,2,1
BREÑA,33,1,4,3,2,1,1,1,2,1
BREÑA,19,0,6,3,1,1,1,1,1,1
BREÑA,42,1,1,2,2,1,1,1,2,1
BREÑA,33,1,4,2,1,1,1,1,2,1
BREÑA,32,1,4,2,2,1,1,1,2,1
BREÑA,42,1,6,3,2,1,1,1,2,1
BREÑA,55,1,6,3,1,1,1,1,2,1
BREÑA,50,1,4,3,2,1,1,1,1,1
BREÑA,37,1,4,3,6,1,1,1,1,1
BREÑA,48,1,1,3,2,1,1,1,2,1
BREÑA,29,1,5,2,2,1,1,1,1,1
BREÑA,39,1,1,3,2,2,1,1,2,1
BREÑA,32,0,4,3,2,3,1,1,1,1
BREÑA,37,1,4,3,2,6,1,1,2,1
BREÑA,28,1,4,3,2,1,1,1,1,1
BREÑA,39,1,1,2,1,1,1,1,1,1
BREÑA,60,1,1,3,2,1,1,1,2,1
BREÑA,43,1,1,2,6,2,1,1,2,1
BREÑA,43,1,4,3,2,1,1,1,2,1
BREÑA,34,1,1,2,1,1,1,1,2,1
BREÑA,32,1,4,2,2,1,1,1,2,1
BREÑA,27,1,6,3,2,1,1,1,1,1
BREÑA,48,1,6,3,6,6,1,1,2,1
BREÑA,72,0,1,2,1,1,1,1,2,1
BREÑA,28,1,3,3,2,1,1,1,2,1
BREÑA,42,1,6,2,2,1,1,1,2,1
BREÑA,48,1,4,3,2,1,1,1,2,1
BREÑA,33,1,4,2,2,1,1,1,2,1
BREÑA,50,1,1,2,2,1,1,1,1,1
BREÑA,31,1,4,3,2,2,1,1,1,1
BREÑA,48,1,6,2,2,1,1,1,2,1
BREÑA,39,1,5,2,2,2,2,1,2,1
BREÑA,51,1,1,3,1,1,1,1,2,1
BREÑA,49,1,6,3,2,1,1,1,1,1
BREÑA,53,1,6,2,2,1,1,1,2,1
BREÑA,30,1,4,2,2,1,1,1,2,1
BREÑA,40,1,1,3,2,1,1,1,2,1
BREÑA,23,1,3,3,2,1,1,1,2,1
BREÑA,54,1,1,3,2,1,1,1,2,1
BREÑA,20,1,4,3,6,1,1,1,2,1
BREÑA,27,1,4,3,2,4,1,1,1,1
BREÑA,24,1,6,2,2,1,1,2,2,1
BREÑA,21,1,6,2,2,1,1,1,1,1
BREÑA,50,1,4,3,2,2,1,1,2,1
BREÑA,32,1,4,3,6,1,1,1,1,1
BREÑA,30,1,1,2,2,1,1,1,2,1
BREÑA,43,1,1,3,2,2,1,1,2,1
BREÑA,38,1,1,3,1,1,1,1,1,1
BREÑA,32,1,4,3,2,1,1,1,2,1
BREÑA,47,1,4,3,2,1,1,1,2,1
BREÑA,45,1,1,2,2,1,2,1,2,1
BREÑA,61,1,4,2,6,1,1,1,2,1
BREÑA,58,1,6,2,2,1,1,1,2,1
BREÑA,34,1,1,2,6,6,1,1,2,1
BREÑA,46,1,1,2,1,1,1,1,2,1
BREÑA,44,1,1,3,2,1,1,1,2,1
BREÑA,47,1,6,3,2,2,1,1,2,1
BREÑA,41,1,3,3,6,6,1,1,2,1
BREÑA,52,1,4,2,1,1,1,1,2,1
BREÑA,39,1,4,3,2,2,1,1,1,1
BREÑA,39,1,4,3,6,1,2,1,2,1
BREÑA,37,1,4,3,2,1,1,1,2,1
BREÑA,39,1,4,3,5,1,6,1,2,1
BREÑA,34,1,3,2,6,1,1,1,2,1
BREÑA,51,1,1,3,2,1,1,1,2,1
BREÑA,27,1,4,2,2,1,1,1,2,1
BREÑA,33,1,3,3,5,1,1,1,2,1
BREÑA,43,1,4,2,2,1,1,1,2,1
BREÑA,24,1,4,3,6,6,1,1,2,1
BREÑA,38,1,4,2,6,2,1,1,2,2
BREÑA,35,1,4,2,5,1,1,1,2,2
BREÑA,53,1,6,2,2,1,1,1,1,2
BREÑA,62,1,1,2,1,1,1,1,2,2
BREÑA,45,1,4,2,2,1,1,1,2,2
BREÑA,47,1,4,3,2,2,1,1,2,2
BREÑA,24,1,6,3,2,2,1,1,2,2
BREÑA,46,1,4,3,5,1,1,1,2,2
BREÑA,43,1,3,3,6,1,1,1,2,2
BREÑA,48,1,4,2,1,1,1,1,2,2
BREÑA,59,1,4,3,6,5,1,1,2,2
BREÑA,33,1,3,3,2,1,1,1,2,2
BREÑA,40,1,6,3,5,1,1,1,2,2
BREÑA,36,0,4,2,6,1,1,1,2,2
BREÑA,52,1,4,2,2,1,1,1,2,2
BREÑA,38,1,6,3,2,2,1,1,2,2
BREÑA,37,1,4,3,6,1,1,1,2,2
BREÑA,58,1,3,2,2,1,1,1,2,2
BREÑA,40,1,6,3,5,2,1,1,2,2
BREÑA,47,1,1,2,2,2,1,1,2,2
BREÑA,57,1,1,2,2,1,1,1,2,2
BREÑA,39,1,6,2,2,1,1,1,2,2
BREÑA,40,1,1,3,6,1,1,1,2,2
BREÑA,34,1,3,3,2,1,1,1,1,2
BREÑA,42,1,1,2,6,1,1,1,2,2
BREÑA,48,1,3,3,2,2,1,1,2,2
BREÑA,46,0,4,3,2,1,1,1,2,2
BREÑA,56,1,1,2,2,1,1,1,2,2
BREÑA,45,1,1,3,1,1,1,1,2,2
BREÑA,61,1,1,2,1,1,1,1,2,2
BREÑA,33,1,3,3,1,1,1,1,2,2
BREÑA,57,1,3,3,6,3,1,1,2,2
BREÑA,59,1,1,3,2,2,1,1,2,2
BREÑA,27,1,3,3,2,1,1,1,2,2
BREÑA,43,1,1,3,2,1,1,1,2,2
BREÑA,21,1,6,3,1,2,1,1,1,2
BREÑA,35,1,4,3,6,2,2,1,2,2
BREÑA,39,1,3,3,2,1,1,1,2,2
BREÑA,43,1,3,3,2,1,1,1,2,2
BREÑA,55,1,1,2,2,1,1,1,2,2
BREÑA,47,1,1,2,6,2,1,1,2,2
BREÑA,47,1,6,2,2,3,1,1,2,2
BREÑA,66,1,4,3,5,1,1,1,2,2
BREÑA,35,1,4,2,2,1,1,1,2,2
BREÑA,46,1,6,2,2,1,5,2,2,2
BREÑA,30,1,4,3,5,5,1,1,2,2
BREÑA,53,1,1,3,5,2,1,2,1,2
BREÑA,50,1,6,2,1,1,1,1,1,2
BREÑA,43,1,1,2,2,1,1,1,1,2
BREÑA,35,1,1,3,2,1,1,1,1,2
BREÑA,30,1,6,2,2,2,1,1,1,2
BREÑA,51,1,1,3,2,1,1,1,2,2
BREÑA,36,1,4,3,5,1,1,1,2,2
BREÑA,36,1,1,2,2,2,1,1,2,2
BREÑA,30,1,3,3,6,2,2,1,2,2
BREÑA,51,1,1,3,2,1,1,1,2,2
BREÑA,30,1,6,3,6,3,1,1,2,2
BREÑA,45,1,1,2,2,1,1,1,2,2
BREÑA,31,1,4,3,2,1,1,1,2,2
BREÑA,29,1,3,2,6,4,1,1,2,2
BREÑA,46,1,1,2,2,2,1,1,2,2
BREÑA,40,1,4,2,2,1,1,1,1,2
BREÑA,21,0,6,3,6,5,1,1,1,2
BREÑA,51,1,6,3,2,1,1,1,2,2
BREÑA,56,1,3,3,2,1,1,1,2,2
BREÑA,25,1,6,2,2,1,1,1,1,2
BREÑA,43,1,4,2,2,3,1,1,2,2
BREÑA,30,1,1,2,2,6,1,1,2,2
BREÑA,34,1,4,2,2,1,1,1,2,2
BREÑA,82,0,1,2,2,1,1,1,2,2
BREÑA,74,0,1,3,2,2,1,1,2,2
BREÑA,36,1,3,2,2,1,1,1,2,2
BREÑA,47,1,4,2,6,1,1,1,2,2
BREÑA,22,1,6,3,6,2,1,1,2,2
BREÑA,34,1,6,3,6,6,1,1,2,2
BREÑA,30,1,6,3,2,2,1,1,1,2
BREÑA,28,1,4,2,2,5,1,1,2,2
BREÑA,33,1,4,2,2,1,1,1,1,2
BREÑA,32,0,5,2,6,6,1,1,2,2
BREÑA,53,1,1,3,2,1,1,1,2,2
BREÑA,33,1,4,3,2,1,1,1,2,2
BREÑA,47,1,4,3,1,1,1,1,2,2
BREÑA,67,1,1,2,1,1,1,1,2,2
BREÑA,42,1,4,2,2,1,1,1,2,2
BREÑA,46,1,1,2,2,1,1,1,1,2
BREÑA,48,1,4,3,1,1,1,1,2,2
BREÑA,45,1,4,3,6,1,1,1,2,2
BREÑA,51,1,4,3,2,1,2,1,2,2
BREÑA,32,1,5,2,2,1,1,1,2,2
BREÑA,42,1,6,2,6,1,1,1,1,2
BREÑA,39,1,3,3,2,2,1,1,2,2
BREÑA,57,1,4,3,5,1,1,2,1,2
BREÑA,28,1,4,3,5,1,1,1,2,2
BREÑA,40,1,4,2,2,1,1,2,1,2
BREÑA,22,1,6,3,2,2,1,1,1,2
BREÑA,67,0,1,2,1,1,1,1,2,2
BREÑA,44,1,4,2,2,1,1,1,2,2
BREÑA,31,1,4,2,2,1,1,1,1,2
BREÑA,46,1,6,3,2,1,1,1,2,2
BREÑA,39,1,4,2,1,1,1,1,1,2
BREÑA,44,1,4,3,2,1,1,1,2,2
BREÑA,53,1,1,2,6,2,1,1,2,2
BREÑA,39,1,4,3,1,1,1,1,1,2
BREÑA,30,1,6,3,2,1,1,1,1,2
BREÑA,36,1,1,2,2,1,1,1,2,3
BREÑA,46,1,1,2,2,1,1,1,2,3
BREÑA,38,1,6,2,2,1,1,1,2,3
BREÑA,26,1,6,3,2,1,1,1,2,3
BREÑA,47,1,1,3,6,1,1,1,2,3
BREÑA,46,1,3,3,2,2,1,1,2,3
BREÑA,45,1,6,3,2,1,1,1,1,3
BREÑA,45,1,6,3,2,1,1,1,2,3
BREÑA,63,1,1,3,2,1,1,1,2,3
BREÑA,49,1,3,2,1,1,1,1,2,3
BREÑA,50,1,6,2,5,1,5,1,2,3
BREÑA,66,1,1,2,1,1,1,1,1,3
BREÑA,29,1,4,2,2,1,1,1,2,3
BREÑA,44,1,4,3,2,1,1,1,1,3
BREÑA,45,1,6,2,6,1,1,1,2,3
BREÑA,26,1,4,3,2,1,1,1,1,3
BREÑA,38,1,4,3,2,1,1,1,2,3
BREÑA,62,1,4,3,2,2,1,1,1,3
BREÑA,40,1,4,3,2,3,1,1,1,3
BREÑA,28,1,4,2,2,1,1,1,2,3
BREÑA,36,1,4,2,1,1,1,1,2,3
BREÑA,48,1,6,3,6,1,1,1,1,3
BREÑA,28,1,4,3,6,2,1,1,2,3
BREÑA,47,1,3,3,2,2,5,1,2,3
BREÑA,23,1,4,3,6,3,1,1,2,3
BREÑA,69,0,1,3,1,1,1,1,2,3
BREÑA,54,1,1,3,5,1,1,1,2,3
BREÑA,46,1,6,2,2,2,1,1,2,3
BREÑA,43,1,3,3,5,1,1,2,2,3
BREÑA,42,1,4,2,6,1,1,1,2,3
BREÑA,64,1,1,2,6,5,1,1,2,3
BREÑA,49,1,1,2,2,1,1,1,1,3
BREÑA,47,1,3,2,2,1,1,1,2,3
BREÑA,38,1,3,2,6,1,1,1,2,3
BREÑA,56,1,1,3,2,1,1,1,2,3
BREÑA,44,1,6,2,2,5,1,1,2,3
BREÑA,66,1,6,3,1,1,1,1,2,3
BREÑA,28,1,6,3,2,1,1,1,1,3
BREÑA,34,1,4,3,2,3,1,2,2,3
BREÑA,32,1,5,2,2,1,1,1,2,3
BREÑA,29,1,4,3,2,1,1,1,2,3
BREÑA,30,1,1,3,2,2,2,1,1,3
BREÑA,41,1,1,2,2,1,1,1,2,3
BREÑA,36,1,6,2,5,1,2,1,2,3
BREÑA,43,1,4,3,5,3,1,1,2,3
BREÑA,47,1,6,2,6,1,1,1,2,3
BREÑA,34,1,4,2,2,1,1,1,2,3
BREÑA,40,1,1,3,6,1,1,1,2,3
BREÑA,30,0,4,3,1,1,1,1,2,3
BREÑA,27,1,4,3,2,1,1,1,2,3
BREÑA,47,1,4,3,1,1,1,1,2,3
BREÑA,37,1,6,3,1,1,1,1,1,3
BREÑA,41,1,1,2,2,2,1,1,2,3
BREÑA,64,1,6,2,1,1,1,1,1,3
BREÑA,41,1,6,3,2,1,1,1,2,3
BREÑA,35,1,4,2,2,1,1,1,2,3
BREÑA,32,1,4,2,2,1,1,1,2,3
BREÑA,29,1,4,2,2,5,1,1,2,3
BREÑA,65,1,3,2,2,1,1,1,2,3
BREÑA,45,1,1,3,3,1,1,1,2,3
BREÑA,69,0,6,2,2,1,1,1,2,3
BREÑA,22,0,4,2,2,2,1,1,2,3
BREÑA,21,1,4,3,2,2,5,1,2,3
BREÑA,28,1,6,3,6,1,1,1,2,3
BREÑA,39,1,4,3,5,1,1,1,2,3
BREÑA,56,1,3,2,2,3,1,1,2,3
BREÑA,77,0,1,2,6,1,1,1,2,3
BREÑA,53,1,4,3,1,1,1,1,2,3
BREÑA,40,1,1,3,2,1,1,1,2,3
BREÑA,35,1,1,2,2,1,1,1,2,3
BREÑA,26,1,4,3,2,1,1,1,2,3
BREÑA,43,1,6,2,1,1,1,1,2,3
BREÑA,27,1,4,3,2,2,1,1,2,3
BREÑA,50,1,1,2,2,1,1,1,2,3
BREÑA,30,1,6,2,2,1,1,1,1,3
BREÑA,49,1,3,2,2,1,1,1,2,3
BREÑA,33,1,3,3,6,2,1,1,2,3
BREÑA,51,1,1,2,2,1,1,1,2,3
BREÑA,34,1,3,3,2,3,1,1,2,3
BREÑA,51,1,1,2,6,1,1,1,2,3
BREÑA,34,1,4,2,1,1,1,1,2,3
BREÑA,36,1,1,2,2,1,1,1,1,3
BREÑA,37,1,6,3,2,1,1,1,2,3
BREÑA,31,1,4,3,2,1,1,6,2,3
BREÑA,33,1,1,3,2,1,1,1,2,3
BREÑA,24,1,4,2,2,1,1,1,2,3
BREÑA,49,1,4,3,2,1,1,1,2,3
BREÑA,52,1,1,2,6,1,1,1,2,3
BREÑA,50,1,1,3,2,2,1,1,2,3
BREÑA,62,1,3,3,6,1,1,1,2,3
BREÑA,38,1,1,3,2,1,1,1,2,3
BREÑA,27,1,4,3,6,1,1,1,2,3
BREÑA,33,1,4,3,6,1,1,1,2,3
BREÑA,37,1,1,3,2,1,1,1,2,3
BREÑA,38,1,1,3,2,1,1,1,2,3
BREÑA,25,1,1,2,2,5,1,1,2,3
BREÑA,44,1,3,3,2,1,1,1,2,3
BREÑA,48,1,1,3,5,2,1,1,2,3
BREÑA,32,1,4,2,2,1,1,1,2,3
BREÑA,48,0,1,3,2,1,1,1,2,3
BREÑA,23,1,4,3,6,1,2,1,1,3
BREÑA,48,1,1,2,2,1,1,1,2,3
BREÑA,39,1,4,3,2,2,1,1,1,3
BREÑA,26,0,4,3,2,1,1,1,2,3
BREÑA,27,1,6,2,1,1,1,1,2,3
BREÑA,37,1,1,3,2,1,1,1,2,3
BREÑA,28,1,6,3,1,1,1,1,2,3
BREÑA,44,1,6,2,2,1,1,1,2,3
BREÑA,33,1,3,3,2,1,1,1,2,3
BREÑA,45,1,4,3,2,1,1,1,2,3
BREÑA,26,1,4,3,1,1,1,1,2,3
BREÑA,33,1,4,3,2,2,1,1,2,3
BREÑA,49,1,4,2,2,2,1,1,2,3
BREÑA,37,1,1,2,2,1,1,1,1,3
BREÑA,61,1,4,2,2,3,1,1,2,4
BREÑA,41,1,4,2,6,1,1,1,2,4
BREÑA,40,1,1,3,2,1,1,1,2,4
BREÑA,43,1,1,2,2,1,1,1,2,4
BREÑA,37,1,4,2,1,1,1,1,2,4
BREÑA,47,1,6,3,4,2,1,1,2,4
BREÑA,53,1,1,3,2,1,1,1,2,4
BREÑA,51,1,4,2,2,3,1,1,2,4
BREÑA,78,1,4,3,1,1,1,1,1,4
BREÑA,36,1,3,3,2,3,1,1,2,4
BREÑA,23,1,4,3,2,2,1,1,2,4
BREÑA,64,1,1,2,2,1,1,1,2,4
BREÑA,39,1,4,3,2,1,1,1,1,4
BREÑA,26,1,6,2,2,2,1,1,2,4
BREÑA,41,1,1,2,2,2,1,1,1,4
BREÑA,64,1,1,3,2,1,1,1,2,4
BREÑA,50,1,6,3,2,1,1,1,2,4
BREÑA,43,1,1,3,2,1,1,1,2,4
BREÑA,34,1,4,3,2,1,1,1,2,4
BREÑA,30,1,3,3,2,1,1,1,2,4
BREÑA,35,1,3,2,1,1,1,1,2,4
BREÑA,32,1,6,2,2,2,1,1,2,4
BREÑA,42,1,3,3,2,1,1,1,2,4
BREÑA,46,1,4,2,2,1,1,1,2,4
BREÑA,32,1,4,3,6,1,1,1,2,4
BREÑA,40,1,4,3,2,2,1,1,2,4
BREÑA,42,1,6,2,1,1,1,1,2,4
BREÑA,33,1,4,3,6,1,1,1,2,4
BREÑA,47,1,3,3,6,2,1,1,1,4
BREÑA,37,1,4,3,6,1,1,1,2,4
BREÑA,33,1,1,3,2,1,1,1,1,4
BREÑA,72,1,6,3,1,1,1,1,2,4
BREÑA,22,1,6,3,2,1,1,1,1,4
BREÑA,36,1,4,3,6,1,1,1,2,4
BREÑA,25,1,4,2,6,1,1,1,2,4
BREÑA,57,1,3,2,2,1,1,1,2,4
BREÑA,41,1,1,3,2,1,1,1,2,4
BREÑA,22,0,6,3,6,6,1,5,2,4
BREÑA,44,1,1,2,2,3,1,1,2,4
BREÑA,38,1,3,3,6,1,1,1,2,4
BREÑA,23,1,6,3,2,1,1,1,1,4
BREÑA,41,1,6,2,2,1,1,1,2,4
BREÑA,60,1,3,3,2,1,1,1,2,4
BREÑA,26,1,4,3,2,2,1,1,1,4
BREÑA,52,1,6,3,6,2,1,1,2,4
BREÑA,50,1,1,3,2,2,1,1,2,4
BREÑA,50,1,1,3,5,1,1,1,2,4
BREÑA,23,1,4,3,2,1,6,1,2,4
BREÑA,49,0,1,3,2,3,1,1,2,4
BREÑA,40,1,1,2,1,1,1,1,2,4
BREÑA,37,1,4,3,2,2,1,1,2,4
BREÑA,38,1,1,3,2,1,1,1,2,4
BREÑA,36,1,4,3,5,5,1,1,2,4
BREÑA,44,1,1,2,2,2,1,1,2,4
BREÑA,42,1,6,2,2,1,1,1,2,4
BREÑA,28,1,3,3,5,5,1,1,2,4
BREÑA,50,1,4,3,2,1,1,1,2,4
BREÑA,48,1,1,2,2,3,1,5,2,4
BREÑA,32,1,4,3,2,1,1,1,2,4
BREÑA,28,1,4,2,2,1,1,1,1,4
BREÑA,47,1,3,3,2,5,1,1,2,4
BREÑA,27,1,4,3,2,1,1,1,2,4
BREÑA,23,1,4,3,2,3,1,1,1,4
BREÑA,34,1,4,2,2,1,1,1,2,4
BREÑA,39,1,1,2,2,1,1,1,2,4
BREÑA,33,0,4,2,2,1,1,1,2,4
BREÑA,27,1,5,2,2,1,2,1,2,4
BREÑA,45,1,4,2,2,1,1,1,2,4
BREÑA,53,1,1,2,2,1,1,1,2,4
BREÑA,24,1,4,3,2,1,1,1,2,4
BREÑA,27,1,1,3,6,6,1,1,2,4
BREÑA,37,1,6,2,5,5,5,1,2,4
BREÑA,56,1,1,2,6,1,1,1,2,4
BREÑA,31,1,4,3,2,1,1,1,2,4
BREÑA,56,1,6,2,1,1,1,1,2,4
BREÑA,21,1,4,3,2,1,1,1,2,4
BREÑA,35,1,4,2,2,1,1,1,2,4
BREÑA,47,1,1,2,2,1,1,1,1,4
BREÑA,34,1,1,3,2,2,1,1,1,5
BREÑA,31,1,4,2,5,1,1,1,2,5
BREÑA,34,1,4,2,2,1,1,1,1,5
BREÑA,34,1,1,3,5,1,1,1,2,5
BREÑA,56,1,1,2,2,1,1,1,2,5
BREÑA,43,1,1,2,2,1,1,1,2,5
BREÑA,63,1,1,3,2,1,1,1,2,5
BREÑA,61,1,6,3,1,1,1,1,2,5
BREÑA,62,1,1,2,5,1,1,1,1,5
BREÑA,59,1,6,3,2,1,1,1,2,5
BREÑA,59,0,1,3,2,1,1,1,2,5
BREÑA,28,1,4,2,2,1,1,1,1,5
BREÑA,63,1,4,2,2,1,1,1,2,5
BREÑA,32,1,4,3,6,1,1,1,1,5
BREÑA,32,1,5,2,2,2,1,1,2,5
BREÑA,47,1,4,2,2,1,1,1,2,5
BREÑA,70,1,3,3,2,1,1,1,2,5
BREÑA,57,1,1,2,6,1,1,1,2,5
BREÑA,59,1,1,3,6,1,1,1,2,5
BREÑA,51,1,6,3,2,1,1,1,2,5
BREÑA,44,1,1,3,2,1,1,1,2,5
BREÑA,26,1,3,3,2,1,1,1,2,5
BREÑA,43,1,4,3,2,1,1,1,2,5
BREÑA,35,1,4,3,2,1,1,1,2,5
BREÑA,21,1,4,3,6,1,2,1,1,5
BREÑA,34,1,4,3,1,1,1,1,2,5
BREÑA,57,1,6,2,1,1,1,1,2,5
BREÑA,49,1,1,2,2,2,1,1,2,5
BREÑA,63,1,6,2,2,1,1,1,2,5
BREÑA,68,0,1,2,1,1,1,1,1,5
BREÑA,42,1,4,3,2,1,1,1,1,5
BREÑA,51,1,4,2,6,1,1,1,2,5
BREÑA,26,1,4,2,6,1,1,1,2,5
BREÑA,31,1,1,2,2,1,1,1,2,5
BREÑA,45,1,3,3,6,2,1,1,2,5
BREÑA,44,1,1,2,2,1,1,1,1,5
BREÑA,50,1,4,2,2,2,1,1,2,5
BREÑA,39,1,4,3,1,1,1,1,2,5
BREÑA,52,1,1,3,6,3,1,1,2,5
BREÑA,54,1,3,3,5,1,1,1,2,5
BREÑA,35,1,4,2,2,2,1,1,1,5
BREÑA,57,1,4,2,2,1,1,1,2,5
BREÑA,26,1,3,3,2,4,1,1,2,5
BREÑA,55,1,1,2,2,2,1,1,2,5
BREÑA,29,1,4,3,2,1,1,1,1,5
BREÑA,46,1,6,3,2,1,1,1,2,5
BREÑA,60,1,1,3,2,1,1,1,2,5
BREÑA,53,1,1,2,5,2,1,1,2,5
BREÑA,47,1,1,3,6,2,1,1,2,5
BREÑA,43,1,6,3,2,1,1,1,2,5
BREÑA,31,1,4,3,6,6,1,1,2,5
BREÑA,35,1,4,3,2,2,1,1,2,5
BREÑA,38,1,3,3,6,1,1,1,2,5
BREÑA,54,1,4,2,2,1,1,1,2,5
BREÑA,41,1,3,3,2,1,1,1,2,5
BREÑA,30,1,4,3,6,1,1,2,2,5
BREÑA,25,1,1,3,6,1,1,1,2,5
BREÑA,29,1,3,3,2,1,5,1,2,5
BREÑA,47,1,6,3,2,1,1,1,2,5
BREÑA,19,1,6,3,2,1,1,1,2,5
BREÑA,26,1,1,3,6,1,1,1,2,5
BREÑA,47,1,3,2,3,1,1,1,2,5
BREÑA,33,1,4,2,5,1,1,1,2,5
BREÑA,62,0,1,3,2,1,1,1,2,5
BREÑA,46,1,3,3,6,1,1,1,2,5
BREÑA,42,1,4,2,2,2,1,1,2,5
BREÑA,46,1,3,2,2,1,1,1,2,5
BREÑA,35,1,4,2,2,1,1,1,2,5
BREÑA,39,1,1,3,6,2,1,1,2,5
BREÑA,47,0,6,2,2,1,1,1,2,5
BREÑA,35,1,4,2,6,2,1,1,2,5
BREÑA,68,0,6,2,2,2,1,1,2,5
BREÑA,47,1,1,3,2,2,1,1,1,5
BREÑA,49,1,1,2,5,5,1,1,2,5
BREÑA,33,1,3,3,5,1,1,1,2,5
BREÑA,46,1,4,2,5,1,2,2,2,5
BREÑA,35,1,6,3,2,2,1,1,2,5
BREÑA,46,1,4,3,2,1,1,1,2,5
BREÑA,59,0,1,3,2,1,1,1,2,5
BREÑA,34,1,6,3,1,1,1,1,2,5
BREÑA,30,1,6,3,1,1,1,1,2,5
BREÑA,35,1,6,3,6,1,1,1,2,5
BREÑA,36,1,6,3,6,3,5,1,2,5
BREÑA,67,0,1,2,2,1,1,1,2,5
BREÑA,25,1,6,3,6,2,1,1,2,5
BREÑA,48,1,3,2,2,1,1,1,1,5
BREÑA,36,1,4,2,6,2,1,1,2,5
BREÑA,47,1,4,3,2,1,1,1,2,5
BREÑA,37,1,4,2,2,3,1,1,2,5
BREÑA,40,1,1,3,2,1,1,1,2,5
BREÑA,35,1,3,3,6,2,1,1,2,5
BREÑA,31,1,6,2,6,2,1,1,2,5
BREÑA,52,1,1,2,6,2,1,1,2,5
BREÑA,39,0,6,3,6,2,1,1,2,5
BREÑA,54,1,1,2,2,2,1,1,2,5
BREÑA,67,1,6,2,2,1,1,1,1,5
BREÑA,53,1,4,2,6,1,1,1,2,5
BREÑA,41,1,1,3,1,1,1,1,2,5
BREÑA,39,1,4,3,2,2,1,1,2,5
BREÑA,46,1,4,2,2,1,1,1,2,5
BREÑA,52,1,3,3,6,1,1,1,2,5
BREÑA,68,1,1,2,1,1,1,1,2,5
BREÑA,19,1,4,3,2,2,1,1,1,5
BREÑA,36,1,6,3,2,2,1,1,1,5
BREÑA,49,1,4,3,1,1,1,1,2,5
BREÑA,38,1,6,3,6,5,1,1,2,5
BREÑA,42,1,1,3,2,2,1,1,2,5
BREÑA,39,1,3,3,2,1,1,1,2,5
BREÑA,71,1,3,2,2,1,1,1,2,5
BREÑA,53,1,4,2,1,1,1,1,2,5
BREÑA,42,1,1,2,1,1,1,1,2,5
BREÑA,57,1,4,3,6,1,1,1,1,5
BREÑA,27,1,5,3,5,4,1,1,2,5
BREÑA,39,1,4,3,2,2,1,1,2,5
BREÑA,38,1,4,3,2,1,1,1,1,5
BREÑA,39,1,4,3,6,1,1,1,1,5
BREÑA,44,1,4,3,5,3,1,1,2,5
BREÑA,41,1,1,3,5,4,1,1,2,5
BREÑA,26,1,4,3,2,1,1,1,2,5
BREÑA,48,1,1,3,2,1,1,1,2,5
BREÑA,34,1,3,2,6,1,1,1,2,5
BREÑA,28,0,4,3,1,1,1,2,2,5
BREÑA,42,1,1,2,2,3,1,1,2,6
BREÑA,36,1,4,3,2,1,1,1,2,6
BREÑA,57,1,3,3,1,1,1,1,2,6
BREÑA,46,1,1,2,2,1,1,1,2,6
BREÑA,24,1,6,2,6,2,2,1,2,6
BREÑA,51,1,6,3,6,1,1,1,2,6
BREÑA,20,0,6,3,2,1,1,1,2,6
BREÑA,61,1,1,2,2,1,1,1,2,6
BREÑA,32,1,4,2,2,1,1,1,2,6
BREÑA,45,1,1,2,2,2,1,1,2,6
BREÑA,39,1,1,3,2,2,1,1,2,6
BREÑA,48,1,5,2,6,1,1,1,2,6
BREÑA,36,1,5,3,2,2,1,1,2,6
BREÑA,40,1,1,3,1,1,1,1,1,6
BREÑA,57,1,4,2,5,1,1,1,2,6
BREÑA,62,1,3,2,2,2,1,1,2,6
BREÑA,40,1,1,3,2,1,1,1,2,6
BREÑA,65,1,1,3,6,1,1,1,2,6
BREÑA,36,1,4,2,2,3,1,6,2,6
BREÑA,43,1,6,3,2,1,1,1,1,6
BREÑA,23,1,4,2,6,3,3,1,2,6
BREÑA,49,1,6,2,6,1,1,1,2,6
BREÑA,38,1,4,2,6,1,1,1,2,6
BREÑA,35,1,3,3,5,2,5,6,2,6
BREÑA,42,1,1,3,1,1,1,1,2,6
BREÑA,45,1,3,3,2,2,1,1,2,6
BREÑA,32,1,1,2,1,1,1,1,2,6
BREÑA,26,1,3,3,2,1,1,1,2,6
BREÑA,45,1,3,2,2,1,1,1,2,6
BREÑA,44,1,4,2,2,1,1,1,2,6
BREÑA,37,1,1,3,2,1,1,1,2,6
BREÑA,21,1,3,2,6,1,1,1,2,6
BREÑA,23,1,2,3,2,1,1,1,2,6
BREÑA,26,1,5,2,6,3,1,1,2,6
BREÑA,42,1,6,2,6,3,1,1,2,6
BREÑA,47,1,1,3,2,1,1,1,2,6
BREÑA,56,1,4,2,5,1,1,1,2,6
BREÑA,38,1,4,2,6,1,1,1,1,6
BREÑA,50,1,6,3,2,1,1,1,2,6
BREÑA,32,1,4,3,2,1,1,1,2,6
BREÑA,35,1,4,3,6,1,1,2,2,6
BREÑA,48,1,6,2,2,1,1,1,2,6
BREÑA,30,1,4,3,6,5,1,1,2,6
BREÑA,28,1,4,2,6,6,1,1,2,6
BREÑA,59,1,1,2,6,1,1,1,1,6
BREÑA,36,1,3,3,2,1,1,1,1,6
BREÑA,25,1,4,3,2,5,1,1,2,6
BREÑA,62,1,3,2,6,1,1,1,2,6
BREÑA,50,1,1,3,2,1,1,1,2,6
BREÑA,41,1,6,3,2,1,1,1,1,6
BREÑA,38,1,4,3,4,1,1,1,2,6
BREÑA,46,1,4,2,1,1,1,1,2,6
BREÑA,27,1,6,3,2,2,1,1,2,6
BREÑA,56,1,1,2,6,3,1,6,2,6
BREÑA,26,1,4,3,2,1,1,1,2,6
BREÑA,56,1,6,3,2,1,1,1,2,6
BREÑA,38,1,1,2,2,1,1,1,2,6
BREÑA,30,1,5,2,6,1,1,1,2,6
BREÑA,37,1,4,3,1,1,1,1,2,6
BREÑA,40,1,3,3,4,1,1,1,2,6
BREÑA,25,0,6,3,2,2,2,1,2,6
BREÑA,44,1,1,3,1,1,1,1,2,6
BREÑA,26,1,3,2,2,2,1,1,1,6
BREÑA,61,1,1,3,2,1,1,1,2,6
BREÑA,70,0,4,2,2,1,1,1,2,6
BREÑA,34,1,1,2,2,3,5,1,1,6
BREÑA,41,1,3,3,2,1,1,1,2,6
BREÑA,42,1,3,3,2,1,1,1,2,6
BREÑA,39,1,3,3,6,1,1,1,1,6
BREÑA,55,1,5,3,2,1,1,1,1,6
BREÑA,57,1,4,2,2,1,1,1,2,6
BREÑA,31,1,4,2,2,2,1,1,2,6
BREÑA,34,1,4,2,2,2,1,1,2,6
BREÑA,55,1,6,2,2,1,1,1,1,6
BREÑA,47,1,6,3,2,1,1,1,2,6
BREÑA,35,1,6,3,2,1,1,1,1,6
BREÑA,27,1,4,2,2,6,1,1,2,6
BREÑA,48,1,1,2,2,1,1,1,2,6
BREÑA,48,1,3,2,2,1,1,1,2,6
BREÑA,26,1,4,2,2,1,1,1,2,6
BREÑA,23,0,6,2,2,1,1,1,2,6
BREÑA,40,1,6,2,2,2,1,2,1,6
BREÑA,38,1,1,3,1,1,1,1,2,6
BREÑA,55,1,6,3,2,1,1,1,1,6
BREÑA,50,1,1,3,2,1,1,1,2,6
BREÑA,31,1,4,2,2,2,1,2,1,6
BREÑA,50,0,4,3,1,1,1,1,2,6
BREÑA,36,1,4,2,2,1,2,1,1,6
BREÑA,52,1,4,3,1,1,1,1,2,6
BREÑA,40,1,1,3,2,1,1,1,1,6
BREÑA,37,1,1,3,2,2,1,1,2,6
BREÑA,58,1,6,2,2,1,1,1,1,6
BREÑA,27,1,3,3,6,2,1,1,2,6
BREÑA,32,1,6,3,2,1,1,1,2,6
BREÑA,50,1,4,3,2,1,1,1,2,6
BREÑA,33,1,2,3,1,1,1,1,2,6
BREÑA,31,1,4,3,1,1,1,1,1,6
BREÑA,26,1,6,3,2,1,1,1,2,6
BREÑA,45,1,6,3,2,1,1,1,2,6
BREÑA,28,1,1,3,2,1,1,1,2,6
BREÑA,36,1,3,2,2,1,1,1,1,6
BREÑA,43,1,3,2,2,1,1,1,2,6
BREÑA,33,1,3,3,6,1,1,1,2,6
BREÑA,39,1,4,2,2,2,1,1,2,6
BREÑA,25,1,3,3,2,1,1,1,2,6
BREÑA,53,1,1,3,6,1,1,1,2,6
BREÑA,20,0,6,3,6,1,1,1,1,6
BREÑA,37,1,4,3,2,1,1,1,2,6
BREÑA,40,1,6,3,2,1,1,1,2,6
BREÑA,50,1,3,3,6,1,1,1,1,6
BREÑA,44,1,6,3,6,2,2,1,2,6
BREÑA,43,1,4,2,1,1,1,1,2,6
BREÑA,29,1,6,3,2,1,1,1,2,6
BREÑA,49,1,1,2,6,1,1,1,2,6
BREÑA,25,1,3,3,2,1,1,2,2,6
BREÑA,39,1,4,2,2,1,1,1,2,6
BREÑA,18,1,4,3,6,4,1,1,2,6
BREÑA,42,1,1,3,2,2,1,1,2,7
BREÑA,35,1,4,3,1,2,1,1,2,7
BREÑA,25,1,4,3,6,1,1,1,2,7
BREÑA,35,1,3,3,2,2,1,1,1,7
BREÑA,44,1,1,2,2,1,1,1,2,7
BREÑA,44,1,6,3,2,1,1,1,2,7
BREÑA,35,1,6,3,1,1,1,1,1,7
BREÑA,45,1,3,2,1,1,1,1,2,7
BREÑA,26,1,4,3,2,3,1,1,2,7
BREÑA,44,1,4,2,2,1,1,1,2,7
BREÑA,31,1,6,3,1,1,1,1,1,7
BREÑA,27,1,6,3,5,4,2,1,2,7
BREÑA,30,1,3,3,2,1,1,1,2,7
BREÑA,39,1,4,3,6,1,1,1,2,7
BREÑA,30,1,6,2,1,1,1,1,2,7
BREÑA,32,1,1,3,6,1,1,1,2,7
BREÑA,31,1,3,3,2,1,1,1,2,7
BREÑA,36,1,4,3,2,1,1,1,2,7
BREÑA,44,1,6,2,2,1,1,1,2,7
BREÑA,35,1,2,3,2,1,1,1,2,7
BREÑA,30,1,4,2,2,1,1,1,2,7
BREÑA,29,1,3,3,2,1,1,1,2,7
BREÑA,34,1,1,3,6,1,1,1,2,7
BREÑA,30,1,4,2,1,1,1,1,2,7
BREÑA,37,1,2,3,6,1,1,1,1,7
BREÑA,27,1,3,3,6,1,1,1,2,7
BREÑA,39,1,3,3,6,1,1,1,2,7
BREÑA,37,1,1,3,6,5,1,1,2,7
BREÑA,34,1,3,3,6,2,1,1,2,7
BREÑA,34,1,4,3,2,1,1,1,2,7
BREÑA,28,1,6,3,1,2,1,1,1,7
BREÑA,46,1,1,2,1,1,1,1,2,7
BREÑA,75,1,4,3,2,2,1,1,2,7
BREÑA,50,1,4,2,2,1,1,1,2,7
BREÑA,25,1,4,3,6,1,2,1,2,7
BREÑA,59,1,3,3,2,2,1,1,2,7
BREÑA,45,1,4,3,2,1,1,1,2,7
BREÑA,26,1,4,3,6,1,1,1,2,7
BREÑA,41,1,3,3,6,1,1,1,2,7
BREÑA,31,1,4,2,2,1,1,1,2,7
BREÑA,55,1,1,2,6,1,1,1,2,7
BREÑA,52,1,1,3,2,1,1,1,2,7
BREÑA,47,1,3,3,5,5,2,1,2,7
BREÑA,38,1,4,3,2,1,1,1,2,7
BREÑA,46,1,3,3,2,6,1,1,2,7
BREÑA,62,1,6,2,2,1,1,1,2,7
BREÑA,30,1,1,2,2,3,1,1,2,7
BREÑA,58,1,1,2,2,1,1,1,2,7
BREÑA,47,1,6,2,1,1,1,1,2,7
BREÑA,46,1,6,3,6,5,1,1,2,7
BREÑA,23,0,6,3,6,2,1,1,1,7
BREÑA,43,1,1,2,2,1,1,1,2,7
BREÑA,41,1,4,2,6,1,1,1,2,7
BREÑA,33,1,4,3,2,1,1,1,2,7
BREÑA,52,1,5,2,2,1,1,1,2,7
BREÑA,21,1,5,2,1,5,1,1,2,7
BREÑA,36,1,6,2,2,1,1,1,1,7
BREÑA,52,1,1,2,2,1,1,1,2,7
BREÑA,50,1,6,2,2,3,1,1,2,7
BREÑA,56,1,4,3,1,1,1,1,2,7
BREÑA,31,1,4,3,2,1,1,1,2,7
BREÑA,38,1,1,2,1,1,1,1,2,7
BREÑA,29,1,4,3,2,1,1,1,1,7
BREÑA,38,1,1,3,2,1,1,1,1,7
BREÑA,31,1,1,3,1,1,1,1,2,7
BREÑA,32,1,4,2,2,2,1,1,1,7
BREÑA,42,1,1,2,2,6,1,1,2,7
BREÑA,39,1,4,3,5,1,1,1,2,7
BREÑA,35,1,4,3,2,1,1,1,2,7
BREÑA,45,1,1,3,2,1,1,1,2,7
BREÑA,53,1,1,2,2,1,1,1,2,7
BREÑA,70,0,1,3,2,1,1,1,2,7
BREÑA,50,1,1,3,2,2,1,1,1,7
BREÑA,34,1,4,2,2,1,1,1,2,7
BREÑA,36,1,3,3,2,1,1,1,2,7
BREÑA,33,1,3,3,2,2,1,5,2,7
BREÑA,23,1,4,2,1,1,1,1,1,7
BREÑA,48,1,4,3,2,1,1,1,1,7
BREÑA,40,1,1,2,1,4,5,1,2,7
BREÑA,29,1,3,3,6,5,1,1,2,7
BREÑA,37,1,1,2,2,1,1,1,1,7
BREÑA,42,1,4,3,1,1,2,1,2,7
BREÑA,22,1,4,3,1,1,1,1,2,7
BREÑA,34,1,4,3,6,3,1,1,2,7
BREÑA,43,1,4,3,6,1,1,1,2,7
BREÑA,51,1,1,2,1,1,1,1,2,7
BREÑA,38,1,4,3,2,2,2,1,2,7
BREÑA,19,1,4,2,2,1,1,1,2,7
BREÑA,50,1,4,3,2,1,1,1,2,7
BREÑA,41,1,1,3,6,3,1,1,2,7
BREÑA,22,1,4,3,2,1,1,1,1,7
BREÑA,51,1,3,3,6,1,1,1,2,7
BREÑA,32,1,6,2,1,1,1,1,1,7
BREÑA,32,1,4,3,2,2,2,1,2,7
BREÑA,47,1,3,2,5,1,1,1,2,7
BREÑA,42,1,4,3,5,2,5,5,3,7
BREÑA,39,1,4,3,2,2,1,1,2,7
BREÑA,37,1,4,2,6,2,1,1,2,7
BREÑA,41,1,4,3,1,1,1,1,2,7
BREÑA,28,1,1,3,2,2,1,1,1,7
BREÑA,42,1,4,2,6,5,1,1,2,7
BREÑA,44,1,3,3,6,1,1,1,2,7
BREÑA,51,1,1,3,2,2,1,1,2,7
BREÑA,33,1,1,2,6,1,1,1,2,7
BREÑA,35,1,4,2,1,1,1,1,2,8
BREÑA,61,1,4,3,2,1,1,1,2,8
BREÑA,50,1,3,2,2,2,1,1,2,8
BREÑA,34,1,3,3,1,1,1,1,2,8
BREÑA,50,1,4,2,2,1,1,1,1,8
BREÑA,25,1,3,3,6,1,1,1,2,8
BREÑA,39,1,3,3,2,1,1,1,2,8
BREÑA,32,1,3,3,2,1,1,1,2,8
BREÑA,31,1,4,2,1,1,1,1,2,8
BREÑA,32,1,1,3,2,1,1,1,2,8
BREÑA,40,1,1,3,6,1,1,1,1,8
BREÑA,41,1,1,2,2,1,1,1,2,8
BREÑA,40,1,3,3,2,1,1,1,2,8
BREÑA,33,1,4,3,2,1,1,1,2,8
BREÑA,74,0,1,2,1,1,1,1,2,8
BREÑA,44,1,1,2,2,2,1,1,2,8
BREÑA,48,1,3,3,6,1,1,4,2,8
BREÑA,43,1,6,2,2,1,1,1,2,8
BREÑA,35,1,1,2,2,1,1,1,2,8
BREÑA,34,1,4,2,2,1,1,1,1,8
BREÑA,45,1,1,2,1,1,1,1,2,8
BREÑA,45,1,1,3,2,1,1,1,2,8
BREÑA,30,1,4,3,6,6,1,1,2,8
BREÑA,42,1,1,3,2,1,1,1,2,8
BREÑA,33,1,4,2,5,2,1,1,2,8
BREÑA,38,1,4,3,2,1,1,1,2,8
BREÑA,33,1,3,2,1,1,1,1,2,8
BREÑA,28,1,3,2,6,4,1,1,2,8
BREÑA,36,1,5,3,2,1,1,1,1,8
BREÑA,45,1,1,2,1,1,1,1,2,8
BREÑA,22,0,6,2,2,2,1,1,2,8
BREÑA,56,1,5,3,2,1,1,1,2,8
BREÑA,39,1,4,3,2,1,1,2,2,8
BREÑA,29,1,4,3,2,2,1,1,2,8
BREÑA,31,1,1,2,2,2,1,1,2,8
BREÑA,51,1,6,2,2,1,1,1,2,8
BREÑA,36,1,4,2,2,1,1,1,1,8
BREÑA,56,0,5,3,5,5,1,1,1,8
BREÑA,39,1,4,3,2,1,1,1,2,8
BREÑA,46,1,4,3,6,1,1,1,2,8
BREÑA,34,1,4,2,2,1,1,1,2,8
BREÑA,41,1,3,3,2,1,1,1,2,8
BREÑA,37,1,4,3,6,1,1,1,1,8
BREÑA,40,1,1,3,6,1,1,1,2,8
BREÑA,53,1,1,3,2,2,1,1,2,8
BREÑA,25,1,3,2,2,2,1,1,1,8
BREÑA,21,1,4,2,2,2,1,2,2,8
BREÑA,54,1,1,2,2,3,1,1,2,8
BREÑA,32,1,4,3,2,1,1,1,1,8
BREÑA,36,1,3,2,1,1,1,1,2,8
BREÑA,35,1,4,2,6,1,1,1,2,8
BREÑA,39,1,6,2,5,5,1,1,2,8
BREÑA,38,1,6,3,2,2,1,1,1,8
BREÑA,29,1,3,2,2,2,1,1,2,8
BREÑA,32,1,4,3,6,1,1,1,2,8
BREÑA,32,1,4,2,6,1,1,1,2,8
BREÑA,37,1,4,3,1,4,1,1,2,8
BREÑA,25,1,3,3,5,5,1,1,2,8
BREÑA,28,1,1,2,1,1,1,1,2,8
BREÑA,35,1,4,2,1,1,1,1,2,8
BREÑA,39,1,4,2,6,3,1,1,2,8
BREÑA,25,1,1,2,2,1,1,1,2,8
BREÑA,27,1,3,2,2,1,1,5,2,8
BREÑA,44,1,6,3,2,1,1,1,2,8
BREÑA,26,1,4,2,2,1,1,1,1,8
BREÑA,38,0,3,3,6,6,1,1,2,8
BREÑA,56,1,3,3,6,1,1,1,2,8
BREÑA,32,1,3,2,2,2,1,1,2,8
BREÑA,67,1,6,3,1,1,1,1,2,8
BREÑA,56,1,4,3,4,2,1,1,3,8
BREÑA,27,1,3,3,2,2,1,1,2,8
BREÑA,36,1,3,3,5,1,1,1,2,8
BREÑA,34,1,4,3,6,1,1,1,2,8
BREÑA,47,1,1,3,2,1,1,1,2,8
BREÑA,38,1,4,2,2,1,1,1,2,8
BREÑA,38,1,4,3,2,1,1,1,2,8
BREÑA,66,1,6,3,2,1,1,1,2,8
BREÑA,36,1,4,3,2,2,1,1,2,8
BREÑA,38,1,4,3,2,2,1,1,2,8
BREÑA,60,1,1,2,2,1,1,1,2,8
BREÑA,55,1,4,3,6,1,1,1,2,8
BREÑA,59,1,6,3,2,1,1,1,2,8
BREÑA,47,1,4,2,2,2,1,1,2,8
BREÑA,38,1,6,3,5,1,1,1,2,8
BREÑA,49,1,1,3,1,1,1,1,2,8
BREÑA,47,1,4,2,2,2,1,1,1,8
BREÑA,59,1,1,2,2,2,1,1,2,8
BREÑA,39,1,4,3,2,1,1,1,1,8
BREÑA,41,1,4,3,6,5,1,1,2,8
BREÑA,28,1,6,2,5,4,1,1,2,8
BREÑA,60,0,1,2,2,1,1,1,1,8
BREÑA,43,1,3,3,6,2,1,1,2,8
BREÑA,38,1,1,3,1,1,1,1,2,8
BREÑA,53,1,1,2,1,1,1,1,2,8
BREÑA,48,1,3,3,2,1,1,2,2,8
BREÑA,29,1,6,3,5,5,1,1,2,8
BREÑA,40,1,6,2,2,2,1,1,2,8
BREÑA,46,0,1,3,6,1,1,1,2,8
BREÑA,34,1,4,3,2,4,1,1,2,8
BREÑA,39,1,4,3,1,1,1,1,2,9
BREÑA,53,1,6,3,6,1,1,1,1,9
BREÑA,53,1,3,3,2,2,1,1,2,9
BREÑA,28,1,5,2,2,1,1,1,2,9
BREÑA,36,1,6,3,2,2,1,2,1,9
BREÑA,25,1,4,3,2,1,1,2,2,9
BREÑA,44,1,4,3,1,1,1,1,1,9
BREÑA,55,1,3,2,5,1,1,1,2,9
BREÑA,31,1,4,3,2,1,1,1,2,9
BREÑA,56,1,1,3,2,2,1,1,2,9
BREÑA,59,1,6,2,2,1,1,1,2,9
BREÑA,38,1,6,2,6,1,1,1,2,9
BREÑA,39,1,5,3,6,1,1,1,2,9
BREÑA,63,1,1,2,2,1,1,1,2,9
BREÑA,41,1,3,3,2,2,1,1,1,9
BREÑA,35,1,2,3,6,1,1,1,2,9
BREÑA,58,1,1,2,5,1,1,1,2,9
BREÑA,42,1,6,3,5,4,1,1,2,9
BREÑA,23,1,3,3,6,1,1,1,2,9
BREÑA,32,1,6,2,1,2,1,1,2,9
BREÑA,26,1,3,3,2,2,1,1,2,9
BREÑA,45,1,4,3,6,1,1,1,2,9
BREÑA,48,1,6,2,2,2,2,1,2,9
BREÑA,61,1,6,2,6,6,1,1,2,9
BREÑA,55,1,4,3,6,2,1,1,2,9
BREÑA,54,0,4,3,2,1,1,1,2,9
BREÑA,71,1,4,2,1,3,1,1,2,9
BREÑA,56,1,4,3,1,1,1,1,2,9
BREÑA,57,1,1,3,1,1,1,1,2,9
BREÑA,32,1,4,3,2,2,2,1,2,9
BREÑA,32,1,4,3,2,1,1,1,1,9
BREÑA,30,1,4,2,2,1,1,1,2,9
BREÑA,33,1,4,2,6,1,1,1,2,9
BREÑA,42,1,6,2,6,1,1,1,2,9
BREÑA,45,1,6,3,6,1,1,1,2,9
BREÑA,46,1,1,2,1,1,1,1,2,9
BREÑA,36,1,1,2,6,1,1,1,2,9
BREÑA,33,1,4,2,6,5,1,1,2,9
BREÑA,26,1,6,3,2,1,1,1,2,9
BREÑA,48,1,3,2,2,1,1,1,2,9
BREÑA,39,1,4,2,1,1,1,1,2,9
BREÑA,40,1,4,2,2,2,1,1,1,9
BREÑA,29,1,3,2,5,1,1,1,2,9
BREÑA,31,1,4,2,2,2,1,1,2,9
BREÑA,43,1,1,3,6,1,1,1,2,9
BREÑA,36,1,6,2,1,1,1,1,2,9
BREÑA,37,1,4,3,2,1,1,1,2,9
BREÑA,53,1,1,2,2,1,1,1,2,9
BREÑA,25,1,4,3,5,5,1,1,2,9
BREÑA,43,1,4,2,5,1,1,1,2,9
BREÑA,41,1,3,2,5,1,1,1,2,9
BREÑA,36,1,4,2,6,2,2,1,3,9
BREÑA,39,1,3,3,2,1,1,1,2,9
BREÑA,31,1,4,2,6,2,1,5,2,9
BREÑA,48,1,6,2,2,1,1,1,2,9
BREÑA,53,1,6,2,2,1,1,1,2,9
BREÑA,46,1,4,3,2,1,1,1,2,9
BREÑA,64,1,3,3,5,1,2,1,2,9
BREÑA,36,1,4,3,6,5,1,1,2,9
BREÑA,26,1,6,3,2,1,2,1,2,9
BREÑA,55,1,1,3,5,1,1,1,2,9
BREÑA,59,1,3,2,1,1,1,1,2,9
BREÑA,29,1,6,3,2,1,1,1,1,9
BREÑA,29,1,6,3,1,1,1,1,1,9
BREÑA,35,1,4,3,2,1,1,1,2,9
BREÑA,49,1,3,2,2,3,1,1,2,9
BREÑA,49,1,3,3,6,1,1,1,2,9
BREÑA,48,1,3,3,2,1,1,1,2,9
BREÑA,58,1,1,2,2,1,1,1,2,9
BREÑA,35,1,1,2,1,1,1,1,2,9
BREÑA,49,1,1,3,2,4,1,1,2,9
BREÑA,33,1,4,2,6,2,2,1,2,9
BREÑA,51,1,4,2,2,1,1,1,3,9
BREÑA,44,1,1,3,5,1,1,1,2,9
BREÑA,69,0,1,2,1,1,1,1,2,9
BREÑA,41,1,4,3,2,1,1,1,2,9
BREÑA,32,1,1,3,2,2,1,1,2,9
BREÑA,43,1,1,3,6,1,1,1,2,9
BREÑA,28,1,4,3,2,2,1,1,2,9
BREÑA,69,1,3,2,6,1,1,1,2,9
BREÑA,26,1,4,2,2,1,1,1,2,9
BREÑA,60,1,3,2,6,6,1,1,1,9
BREÑA,41,1,4,3,6,6,1,1,1,9
BREÑA,58,1,1,3,2,1,1,1,2,9
BREÑA,72,0,1,2,2,1,1,1,2,9
BREÑA,44,1,1,2,1,1,1,1,2,9
BREÑA,36,1,6,2,2,1,1,1,1,9
BREÑA,34,1,4,2,2,2,1,1,2,9
BREÑA,46,1,1,2,2,2,1,1,2,9
BREÑA,51,1,3,2,2,1,1,1,2,9
BREÑA,60,1,3,2,2,3,1,1,3,9
BREÑA,34,1,6,3,2,1,1,1,1,9
BREÑA,39,1,1,2,2,1,1,1,2,9
BREÑA,23,1,4,2,6,1,1,1,1,9
BREÑA,47,1,6,2,1,1,1,1,1,9
BREÑA,29,0,6,3,2,1,1,1,1,9
BREÑA,39,1,4,3,2,1,1,1,1,9
BREÑA,55,0,1,2,6,1,1,1,2,9
BREÑA,31,1,4,3,6,1,1,1,2,9
BREÑA,40,1,3,3,6,1,1,1,3,9
BREÑA,38,1,3,3,2,1,1,1,2,9
BREÑA,57,1,4,2,2,1,1,1,2,9
BREÑA,50,1,1,2,2,1,1,1,1,9
BREÑA,41,1,4,3,2,2,1,1,2,9
BREÑA,53,1,1,3,6,1,1,1,2,9
BREÑA,50,1,1,3,2,1,1,1,2,9
BREÑA,42,1,3,3,2,4,1,1,2,9
BREÑA,35,1,4,2,1,1,1,1,2,9
BREÑA,34,1,4,3,2,2,1,1,2,9
BREÑA,49,1,6,3,2,2,1,1,2,9
BREÑA,31,1,5,2,2,5,1,1,2,9
BREÑA,21,0,3,3,2,2,1,1,2,9
BREÑA,42,1,6,2,5,1,1,1,2,9
BREÑA,47,1,4,2,6,1,1,1,2,9
BREÑA,41,1,6,3,2,2,1,1,2,9
BREÑA,42,1,6,3,6,1,1,1,2,9
BREÑA,44,0,6,2,2,2,2,1,2,9
BREÑA,24,1,4,3,2,1,1,1,2,9
BREÑA,37,1,6,3,2,1,1,1,2,9
BREÑA,32,1,5,2,2,1,1,1,2,9
BREÑA,27,1,6,2,2,1,1,1,1,9
BREÑA,45,1,4,2,2,1,1,1,2,9
BREÑA,35,1,6,3,1,1,1,1,2,9
BREÑA,38,1,6,3,6,6,1,1,2,9
BREÑA,42,1,1,3,6,1,1,1,2,9
BREÑA,31,1,3,3,2,2,2,1,2,9
BREÑA,32,1,1,2,6,1,1,1,2,9
BREÑA,54,1,1,3,6,1,1,1,2,9
BREÑA,36,0,1,3,2,1,1,1,2,9
BREÑA,53,1,4,3,2,1,1,1,2,10
BREÑA,28,1,4,3,6,6,1,1,1,10
BREÑA,29,1,4,3,2,1,1,1,2,10
BREÑA,57,1,1,2,2,1,1,1,2,10
BREÑA,33,1,3,3,2,2,1,1,2,10
BREÑA,49,1,4,2,2,1,1,1,2,10
BREÑA,31,1,6,2,1,1,1,1,2,10
BREÑA,36,1,4,3,2,1,1,1,2,10
BREÑA,52,1,1,2,2,1,1,1,1,10
BREÑA,29,1,6,3,2,1,1,1,2,10
BREÑA,56,1,1,2,2,3,1,1,2,10
BREÑA,49,1,1,2,2,1,1,1,2,10
BREÑA,51,1,1,3,2,2,1,1,2,10
BREÑA,48,1,3,2,2,1,1,1,2,10
BREÑA,48,1,1,2,2,1,1,1,2,10
BREÑA,48,1,4,2,2,1,1,1,2,10
BREÑA,62,1,1,2,2,3,1,1,2,10
BREÑA,44,1,1,2,2,4,1,2,2,10
BREÑA,31,1,6,2,5,6,1,1,1,10
BREÑA,50,1,5,3,6,1,1,1,2,10
BREÑA,40,1,1,3,2,1,1,1,2,10
BREÑA,33,1,4,2,6,5,1,1,1,10
BREÑA,50,1,3,2,2,2,1,1,2,10
BREÑA,34,1,4,2,6,2,1,1,2,10
BREÑA,45,1,1,3,2,1,1,1,1,10
BREÑA,18,1,3,3,6,1,1,1,3,10
BREÑA,45,1,6,3,1,1,1,1,2,10
BREÑA,22,1,3,3,2,2,1,1,2,10
BREÑA,25,1,6,3,1,1,1,1,2,10
BREÑA,32,1,6,2,2,2,1,1,2,10
BREÑA,60,1,1,2,2,1,1,1,1,10
BREÑA,38,1,4,3,1,1,1,1,2,10
BREÑA,42,1,1,3,2,1,1,1,2,10
BREÑA,24,0,5,3,2,1,1,1,2,10
BREÑA,29,1,4,3,2,2,1,1,2,10
BREÑA,35,1,6,3,2,2,1,2,2,10
BREÑA,61,1,4,3,2,1,1,1,2,10
BREÑA,26,1,1,3,2,1,1,1,2,10
BREÑA,29,1,4,3,6,1,2,1,3,10
BREÑA,33,1,3,2,2,1,1,1,2,10
BREÑA,25,1,4,2,2,1,1,1,1,10
BREÑA,22,1,3,3,2,2,1,1,2,10
BREÑA,59,1,1,3,2,4,1,1,2,10
BREÑA,41,1,1,3,1,1,1,1,2,10
BREÑA,28,1,4,2,2,2,1,1,2,10
BREÑA,27,1,4,3,6,1,1,1,2,10
BREÑA,38,1,3,3,2,2,1,1,2,10
BREÑA,38,1,4,3,1,1,1,1,2,10
BREÑA,36,1,4,3,2,1,1,1,2,10
BREÑA,70,1,3,2,5,1,1,1,2,10
BREÑA,26,1,6,3,2,2,1,1,2,10
BREÑA,50,1,1,3,2,1,1,1,2,10
BREÑA,66,1,1,2,1,1,1,1,2,10
BREÑA,37,1,3,2,2,5,1,1,3,10
BREÑA,45,1,1,2,2,1,1,1,1,10
BREÑA,32,1,4,3,2,1,1,1,2,10
BREÑA,38,1,5,3,2,1,1,1,2,10
BREÑA,35,1,1,3,6,1,1,1,2,10
BREÑA,21,1,6,2,2,1,1,1,1,10
BREÑA,38,1,1,2,2,1,1,1,2,10
BREÑA,25,1,6,2,2,5,1,1,1,10
BREÑA,26,1,4,2,2,2,1,1,1,10
BREÑA,23,1,6,2,6,4,1,1,2,10
BREÑA,35,1,6,3,6,6,1,1,2,10
BREÑA,54,1,6,2,2,2,1,1,1,10
BREÑA,39,1,6,3,2,1,1,1,2,10
BREÑA,32,1,3,3,5,1,1,1,2,10
BREÑA,45,1,3,3,5,1,1,1,2,10
BREÑA,49,1,4,3,2,1,1,1,2,10
BREÑA,52,1,1,2,2,1,1,1,1,10
BREÑA,28,1,6,2,2,1,1,1,1,10
BREÑA,51,1,1,2,6,6,1,1,2,10
BREÑA,24,1,4,3,2,2,1,6,2,10
BREÑA,30,1,3,2,6,1,1,1,2,10
BREÑA,49,1,1,2,2,1,1,1,2,10
BREÑA,37,1,4,3,2,1,1,1,2,10
BREÑA,25,1,4,2,2,1,1,1,2,10
BREÑA,42,1,6,3,2,1,1,1,2,10
BREÑA,44,1,4,2,6,1,1,1,2,10
BREÑA,46,1,4,3,2,4,1,1,2,10
BREÑA,54,1,3,3,2,1,1,1,3,10
BREÑA,41,1,1,3,1,3,1,1,2,10
BREÑA,35,1,1,2,2,4,1,1,2,10
BREÑA,31,1,4,2,6,6,1,1,2,10
BREÑA,41,1,3,3,6,1,1,1,2,10
BREÑA,26,1,4,3,2,1,1,1,1,10
BREÑA,37,1,1,2,2,1,1,1,2,10
BREÑA,24,1,3,3,6,1,1,1,2,10
BREÑA,30,1,6,3,1,1,1,1,1,10
BREÑA,39,1,4,3,2,2,1,1,2,10
BREÑA,34,0,4,3,2,1,1,1,1,10
BREÑA,39,1,1,3,2,2,1,1,2,10
BREÑA,78,0,6,3,2,1,1,1,2,10
BREÑA,46,1,4,3,2,1,1,1,1,10
BREÑA,35,1,1,2,2,1,1,1,1,10
BREÑA,36,1,6,2,2,1,1,2,2,10
BREÑA,40,1,4,2,2,1,1,1,2,10
BREÑA,37,1,4,2,2,1,1,1,1,10
BREÑA,64,1,1,2,1,1,1,1,1,10
BREÑA,26,1,4,3,2,2,1,1,2,10
BREÑA,36,1,4,3,2,1,1,1,2,10
BREÑA,48,1,4,3,6,1,1,1,2,10
BREÑA,41,1,3,3,2,1,1,1,2,10
BREÑA,60,1,4,2,1,1,1,1,2,10
BREÑA,22,1,4,3,2,1,1,1,2,10
BREÑA,29,1,6,3,6,5,1,1,1,10
BREÑA,26,1,6,3,2,1,1,1,2,10
BREÑA,40,1,4,2,1,1,1,1,2,10
BREÑA,78,0,1,3,2,1,1,1,2,10
BREÑA,45,1,4,2,2,1,1,1,1,10
BREÑA,35,1,4,3,5,1,1,1,2,10
BREÑA,36,1,6,3,2,1,1,1,2,10
BREÑA,78,0,1,2,1,1,1,1,2,10
BREÑA,38,1,3,3,6,1,1,1,2,10
BREÑA,68,1,1,2,1,1,1,1,2,11
BREÑA,28,1,4,2,6,1,1,1,2,11
BREÑA,38,1,4,2,5,1,1,1,2,11
BREÑA,42,1,1,3,5,2,1,1,2,11
BREÑA,44,1,6,2,2,1,1,1,2,11
BREÑA,44,1,6,2,1,1,1,1,2,11
BREÑA,41,1,3,2,6,1,1,1,2,11
BREÑA,42,1,1,3,2,1,1,1,2,11
BREÑA,41,1,4,3,1,2,1,1,2,11
BREÑA,32,1,4,3,2,1,1,1,1,11
BREÑA,32,1,3,3,2,1,1,2,2,11
BREÑA,44,1,4,3,5,1,1,1,2,11
BREÑA,28,1,4,2,6,1,1,1,2,11
BREÑA,57,1,4,2,6,2,1,1,2,11
BREÑA,23,1,4,2,2,1,1,1,2,11
BREÑA,38,1,4,2,6,1,1,1,2,11
BREÑA,64,1,6,3,2,1,1,1,2,11
BREÑA,44,1,4,3,2,1,1,1,2,11
BREÑA,34,1,6,3,1,2,1,1,1,11
BREÑA,23,1,5,2,6,6,1,1,2,11
BREÑA,28,1,4,3,1,1,1,1,2,11
BREÑA,28,1,6,2,2,2,1,1,1,11
BREÑA,43,1,1,3,2,1,1,1,2,11
BREÑA,38,1,1,3,2,2,1,1,1,11
BREÑA,29,1,4,2,1,1,1,1,1,11
BREÑA,28,1,4,3,6,5,1,1,2,11
BREÑA,54,1,1,3,2,6,1,6,2,11
BREÑA,28,1,4,2,1,1,1,1,2,11
BREÑA,50,1,1,2,2,1,2,1,2,11
BREÑA,35,1,1,2,6,1,1,1,2,11
BREÑA,23,1,4,3,6,1,1,1,2,11
BREÑA,30,1,4,3,6,5,1,1,2,11
BREÑA,58,1,1,2,6,1,1,1,2,11
BREÑA,36,1,6,3,2,1,1,1,2,11
BREÑA,37,1,3,3,6,6,1,1,2,11
BREÑA,49,1,4,3,1,1,1,1,2,11
BREÑA,26,1,4,2,6,6,1,1,2,11
BREÑA,34,1,1,2,6,1,1,1,2,11
BREÑA,45,1,3,2,2,1,1,1,2,11
BREÑA,69,1,1,2,2,1,1,1,1,11
BREÑA,24,1,3,3,2,1,1,1,2,11
BREÑA,42,1,4,3,2,1,1,1,2,11
BREÑA,33,1,1,3,2,1,1,1,2,11
BREÑA,25,1,4,2,6,1,1,1,1,11
BREÑA,46,1,1,2,2,1,1,1,2,11
BREÑA,65,0,1,2,2,2,1,1,2,11
BREÑA,40,1,1,3,2,1,1,1,2,11
BREÑA,60,0,1,2,2,1,1,1,2,11
BREÑA,47,1,1,3,5,5,1,5,2,11
BREÑA,46,1,6,2,1,1,1,1,2,11
BREÑA,36,1,3,3,2,1,1,1,2,11
BREÑA,49,1,4,3,2,1,1,1,2,11
BREÑA,25,1,4,3,2,1,1,1,1,11
BREÑA,32,1,4,3,2,1,1,1,2,11
BREÑA,54,1,3,3,2,1,1,1,2,11
BREÑA,28,1,4,2,2,1,1,1,1,11
BREÑA,45,1,5,2,2,1,1,1,1,11
BREÑA,49,1,6,2,2,1,1,1,2,11
BREÑA,68,1,6,2,1,1,1,1,2,11
BREÑA,25,1,4,3,6,6,2,1,2,11
BREÑA,48,1,2,2,1,1,1,1,2,11
BREÑA,28,1,4,3,6,1,1,1,2,11
BREÑA,62,1,1,2,2,1,1,1,2,11
BREÑA,41,1,6,2,6,1,1,1,2,11
BREÑA,38,1,4,2,2,2,1,1,2,11
BREÑA,45,1,1,2,1,1,1,1,2,11
BREÑA,36,1,4,3,1,1,1,1,2,11
BREÑA,33,1,5,2,2,1,1,1,1,11
BREÑA,49,1,4,3,2,1,1,1,2,11
BREÑA,31,1,4,3,2,1,1,1,1,11
BREÑA,53,1,1,2,2,2,1,1,2,11
BREÑA,25,1,4,3,6,4,1,1,1,11
BREÑA,29,1,1,3,6,4,1,2,2,11
BREÑA,46,1,1,2,6,6,1,1,2,11
BREÑA,32,1,5,2,1,2,1,1,2,11
BREÑA,34,1,1,3,1,1,1,1,2,11
BREÑA,32,1,5,3,6,2,2,1,2,11
BREÑA,38,1,4,2,2,2,1,1,1,11
BREÑA,47,1,4,2,2,1,1,1,2,11
BREÑA,41,1,4,2,2,2,1,1,2,11
BREÑA,31,1,3,3,6,5,1,1,2,11
BREÑA,48,1,4,3,6,2,1,1,2,11
BREÑA,66,1,6,3,2,1,1,1,2,11
BREÑA,55,1,1,3,2,2,1,2,2,11
BREÑA,53,0,2,2,1,1,1,1,1,11
BREÑA,46,1,4,2,1,1,1,1,1,11
BREÑA,52,1,6,3,6,2,1,1,2,11
BREÑA,29,1,4,3,2,1,1,1,2,11
BREÑA,31,1,3,3,2,2,1,1,2,11
BREÑA,41,1,1,2,2,1,1,1,2,11
BREÑA,39,1,4,3,2,1,1,1,2,11
BREÑA,67,1,1,2,1,1,1,1,2,11
BREÑA,40,1,6,3,2,1,1,1,1,11
BREÑA,39,1,4,2,2,2,1,1,2,11
BREÑA,59,1,1,2,1,1,1,1,1,11
BREÑA,37,1,6,2,2,1,1,1,2,12
BREÑA,42,1,3,3,5,1,1,1,2,12
BREÑA,47,1,6,3,2,2,1,1,1,12
BREÑA,27,1,4,3,1,1,1,1,2,12
BREÑA,52,1,1,3,2,1,1,1,2,12
BREÑA,47,1,6,2,2,1,1,1,2,12
BREÑA,54,1,6,2,6,1,1,1,2,12
BREÑA,54,1,1,3,6,1,1,1,2,12
BREÑA,58,1,4,2,2,1,1,1,2,12
BREÑA,43,1,4,3,2,1,1,1,2,12
BREÑA,33,1,3,3,2,1,1,1,2,12
BREÑA,24,1,4,2,1,1,1,1,2,12
BREÑA,33,1,5,2,1,1,1,1,2,12
BREÑA,56,1,1,2,1,2,1,1,2,12
BREÑA,34,1,1,2,1,1,1,1,1,12
BREÑA,35,1,1,2,2,1,1,1,2,12
BREÑA,37,1,4,3,2,1,1,1,2,12
BREÑA,44,1,3,3,2,1,1,1,2,12
BREÑA,27,1,4,2,1,1,1,1,2,12
BREÑA,54,1,1,3,2,2,1,1,2,12
BREÑA,47,1,1,3,1,1,1,1,2,12
BREÑA,36,1,1,2,2,2,1,1,2,12
BREÑA,55,1,1,2,2,1,1,1,2,12
BREÑA,74,1,1,2,2,1,1,1,2,12
BREÑA,34,1,1,3,2,1,1,1,3,12
BREÑA,40,1,3,3,2,1,1,1,1,12
BREÑA,56,1,1,3,2,1,1,1,1,12
BREÑA,51,0,3,2,2,1,1,1,2,12
BREÑA,64,1,3,2,6,1,1,5,2,12
BREÑA,61,1,1,3,2,1,1,1,2,12
BREÑA,42,1,1,2,6,1,1,1,2,12
BREÑA,44,1,6,2,2,1,1,1,1,12
BREÑA,33,1,1,3,2,1,1,2,2,12
BREÑA,43,0,6,3,2,1,1,1,1,12
BREÑA,31,1,4,3,2,1,1,1,2,12
BREÑA,60,1,6,3,2,1,1,1,1,12
BREÑA,45,1,1,2,1,2,1,1,2,12
BREÑA,25,1,3,3,2,1,1,1,2,12
BREÑA,31,1,4,3,2,1,1,1,2,12
BREÑA,36,1,3,3,2,1,1,1,2,12
BREÑA,60,1,1,2,6,1,1,1,2,12
BREÑA,29,1,4,3,2,1,1,1,2,12
BREÑA,37,1,1,3,2,1,1,1,2,12
BREÑA,44,1,1,3,6,1,1,1,2,12
BREÑA,38,1,1,3,2,2,1,1,2,12
BREÑA,48,1,3,3,1,1,1,1,2,12
BREÑA,31,1,1,3,1,1,1,1,2,12
BREÑA,32,1,3,3,2,2,1,1,2,12
BREÑA,31,1,6,3,1,1,1,1,2,12
BREÑA,38,1,4,2,1,1,1,1,2,12
BREÑA,45,1,3,3,6,1,1,1,2,12
BREÑA,49,1,1,3,6,1,1,1,2,12
BREÑA,37,1,4,3,6,6,1,1,1,12
BREÑA,38,1,4,3,2,3,1,1,1,12
BREÑA,31,1,1,3,2,1,1,1,2,12
BREÑA,34,1,4,3,2,5,1,1,2,12
BREÑA,34,1,4,3,1,1,1,1,2,12
BREÑA,57,1,3,2,1,1,1,1,2,12
BREÑA,53,1,6,3,2,1,1,1,2,12
BREÑA,45,1,3,2,2,1,1,1,2,12
BREÑA,43,1,2,2,2,1,1,1,2,12
BREÑA,45,1,4,2,5,3,1,1,2,12
BREÑA,33,1,1,2,2,4,1,1,2,12
BREÑA,32,1,6,3,2,2,1,1,2,12
BREÑA,29,1,4,3,5,3,1,1,2,12
BREÑA,62,1,6,2,2,1,1,1,1,12
BREÑA,46,1,4,3,5,3,1,1,2,12
BREÑA,38,1,1,2,2,1,1,1,2,12
BREÑA,33,1,1,3,2,4,1,1,2,12
BREÑA,47,1,4,3,5,1,1,1,2,12
BREÑA,46,1,3,3,2,2,1,1,2,12
BREÑA,43,1,4,3,2,2,1,1,2,12
BREÑA,25,1,1,2,2,1,2,1,2,12
BREÑA,48,1,1,3,2,3,1,1,2,12
BREÑA,46,1,4,3,2,1,1,1,2,12
BREÑA,33,1,4,3,2,1,1,1,2,12
BREÑA,42,1,1,3,2,1,1,1,2,12
BREÑA,38,1,1,2,2,1,1,1,2,12
BREÑA,27,1,3,3,5,1,1,1,2,12
BREÑA,40,1,4,3,2,2,1,1,1,12
BREÑA,36,1,4,2,1,1,1,1,1,12
BREÑA,34,1,3,3,2,2,1,1,2,12
BREÑA,23,1,4,3,2,1,1,1,2,12
BREÑA,30,1,4,2,2,1,1,1,1,12
BREÑA,55,1,3,2,2,1,1,2,2,12
BREÑA,35,1,3,2,2,1,1,1,2,12
BREÑA,36,1,1,2,2,1,1,1,2,12
BREÑA,29,1,3,3,2,1,1,1,2,12
BREÑA,63,1,1,3,2,1,1,1,2,12
BREÑA,61,1,3,2,2,1,1,1,2,12
BREÑA,37,1,3,2,2,1,1,1,2,12
BREÑA,62,1,1,2,6,1,1,1,2,12
CARMEN DE LA LEGUA,41,1,6,3,6,1,1,1,1,1
CARMEN DE LA LEGUA,39,1,4,3,2,2,1,1,1,1
CARMEN DE LA LEGUA,72,0,1,2,6,1,1,1,1,1
CARMEN DE LA LEGUA,56,1,6,2,4,2,1,1,1,1
CARMEN DE LA LEGUA,32,1,1,3,5,2,1,1,2,1
CARMEN DE LA LEGUA,34,1,4,2,2,1,1,1,1,1
CARMEN DE LA LEGUA,32,1,4,2,6,1,1,1,1,1
CARMEN DE LA LEGUA,41,1,1,2,2,2,1,1,1,1
CARMEN DE LA LEGUA,21,0,4,3,1,1,1,1,1,1
CARMEN DE LA LEGUA,44,1,4,3,2,1,1,1,1,1
CARMEN DE LA LEGUA,47,1,6,2,6,2,1,1,1,1
CARMEN DE LA LEGUA,64,0,6,2,1,1,1,1,1,1
CARMEN DE LA LEGUA,51,1,3,2,5,1,1,1,1,1
CARMEN DE LA LEGUA,52,1,6,3,1,1,1,1,1,1
CARMEN DE LA LEGUA,41,1,3,3,2,1,1,1,2,1
CARMEN DE LA LEGUA,43,1,2,3,1,1,1,1,1,1
CARMEN DE LA LEGUA,47,1,4,2,2,1,1,1,1,1
CARMEN DE LA LEGUA,45,1,3,3,6,1,1,1,1,1
CARMEN DE LA LEGUA,26,1,4,2,2,1,1,1,1,1
CARMEN DE LA LEGUA,41,1,6,3,2,1,1,1,1,1
CARMEN DE LA LEGUA,34,1,4,2,5,2,1,1,1,1
CARMEN DE LA LEGUA,29,1,4,3,5,1,1,1,1,1
CARMEN DE LA LEGUA,34,1,4,3,6,1,1,1,1,1
CARMEN DE LA LEGUA,42,1,1,3,2,1,1,1,1,1
CARMEN DE LA LEGUA,44,1,6,3,2,1,1,1,2,1
CARMEN DE LA LEGUA,40,1,1,3,2,1,1,1,1,1
CARMEN DE LA LEGUA,43,1,3,2,2,1,1,1,1,1
CARMEN DE LA LEGUA,43,1,6,2,2,1,1,1,1,1
CARMEN DE LA LEGUA,44,1,6,3,1,1,1,1,1,1
CARMEN DE LA LEGUA,42,1,6,2,2,1,1,1,1,1
CARMEN DE LA LEGUA,38,1,4,3,6,1,1,1,1,1
CARMEN DE LA LEGUA,69,0,1,2,2,2,1,1,1,1
CARMEN DE LA LEGUA,37,1,1,2,2,3,1,1,1,1
CARMEN DE LA LEGUA,47,1,3,2,2,1,1,1,1,1
CARMEN DE LA LEGUA,52,1,1,2,6,1,1,1,1,1
CARMEN DE LA LEGUA,53,1,3,3,5,1,1,1,1,1
CARMEN DE LA LEGUA,33,1,3,3,2,6,1,1,1,1
CARMEN DE LA LEGUA,39,1,4,2,2,3,1,1,1,1
CARMEN DE LA LEGUA,40,1,4,2,6,6,1,1,1,1
CARMEN DE LA LEGUA,45,1,3,2,2,5,1,1,2,1
CARMEN DE LA LEGUA,35,1,1,2,6,3,1,1,1,1
CARMEN DE LA LEGUA,75,0,3,3,5,1,1,1,1,1
CARMEN DE LA LEGUA,78,0,6,2,1,1,1,1,1,1
CARMEN DE LA LEGUA,47,1,3,3,2,1,1,1,1,1
CARMEN DE LA LEGUA,48,1,4,3,6,1,2,1,2,1
CARMEN DE LA LEGUA,41,1,3,3,1,1,1,1,2,1
CARMEN DE LA LEGUA,35,1,3,3,2,6,3,1,1,2
CARMEN DE LA LEGUA,26,1,1,3,1,1,1,1,1,2
CARMEN DE LA LEGUA,73,0,6,3,2,1,1,1,1,2
CARMEN DE LA LEGUA,49,1,6,2,6,1,1,1,1,2
CARMEN DE LA LEGUA,33,1,5,3,5,4,1,1,1,2
CARMEN DE LA LEGUA,31,1,4,3,5,1,1,1,1,2
CARMEN DE LA LEGUA,47,1,6,3,2,2,1,1,1,2
CARMEN DE LA LEGUA,34,1,4,3,1,1,1,1,1,2
CARMEN DE LA LEGUA,33,1,1,3,6,1,1,1,1,2
CARMEN DE LA LEGUA,64,1,6,3,1,1,1,1,1,2
CARMEN DE LA LEGUA,69,1,6,3,2,1,1,1,1,2
CARMEN DE LA LEGUA,23,0,5,2,6,5,1,1,1,2
CARMEN DE LA LEGUA,45,1,6,3,6,1,1,1,1,2
CARMEN DE LA LEGUA,33,1,6,2,6,1,1,1,2,2
CARMEN DE LA LEGUA,37,1,3,3,2,1,1,1,1,2
CARMEN DE LA LEGUA,18,1,5,2,6,2,2,1,1,2
CARMEN DE LA LEGUA,47,1,1,3,2,1,1,1,1,2
CARMEN DE LA LEGUA,50,1,4,3,1,1,1,1,1,2
CARMEN DE LA LEGUA,42,1,1,3,1,1,1,1,1,2
CARMEN DE LA LEGUA,36,1,6,2,2,1,1,1,1,2
CARMEN DE LA LEGUA,25,1,4,2,2,1,1,1,1,2
CARMEN DE LA LEGUA,40,1,6,3,1,1,1,1,1,2
CARMEN DE LA LEGUA,43,1,1,3,6,1,1,1,1,2
CARMEN DE LA LEGUA,29,1,4,3,6,1,1,1,1,2
CARMEN DE LA LEGUA,48,1,1,3,2,2,1,1,1,2
CARMEN DE LA LEGUA,44,1,1,2,2,2,1,1,1,2
CARMEN DE LA LEGUA,53,0,4,2,2,1,1,1,1,2
CARMEN DE LA LEGUA,40,1,6,3,2,2,1,1,1,2
CARMEN DE LA LEGUA,49,1,3,2,6,2,1,1,1,2
CARMEN DE LA LEGUA,30,1,2,3,6,1,1,1,1,2
CARMEN DE LA LEGUA,56,1,6,2,6,3,1,1,2,2
CARMEN DE LA LEGUA,54,1,1,2,5,1,1,1,1,2
CARMEN DE LA LEGUA,45,1,1,2,1,1,1,1,1,2
CARMEN DE LA LEGUA,31,1,6,2,1,3,1,1,1,2
CARMEN DE LA LEGUA,22,1,3,3,1,1,1,1,1,2
CARMEN DE LA LEGUA,32,1,4,2,2,1,1,1,1,2
CARMEN DE LA LEGUA,55,1,1,2,5,5,1,1,1,2
CARMEN DE LA LEGUA,65,1,1,2,2,1,1,1,1,2
CARMEN DE LA LEGUA,47,1,6,2,1,1,1,1,1,2
CARMEN DE LA LEGUA,25,1,4,3,6,6,1,1,1,2
CARMEN DE LA LEGUA,32,1,4,2,6,1,1,1,1,2
CARMEN DE LA LEGUA,41,1,1,3,2,1,1,1,1,2
CARMEN DE LA LEGUA,42,1,1,2,1,1,1,1,1,2
CARMEN DE LA LEGUA,40,1,6,2,2,1,1,2,1,2
CARMEN DE LA LEGUA,30,1,4,3,2,1,1,1,1,2
CARMEN DE LA LEGUA,33,1,4,3,6,6,1,1,1,2
CARMEN DE LA LEGUA,33,1,3,3,6,2,1,1,1,2
CARMEN DE LA LEGUA,24,1,4,3,6,5,1,1,1,2
CARMEN DE LA LEGUA,29,1,4,3,1,1,1,1,1,2
CARMEN DE LA LEGUA,68,0,1,2,2,3,1,1,1,2
CARMEN DE LA LEGUA,28,1,4,2,1,1,1,1,1,2
CARMEN DE LA LEGUA,45,1,4,2,1,1,1,1,1,2
CARMEN DE LA LEGUA,28,1,1,3,6,1,1,1,1,2
CARMEN DE LA LEGUA,61,1,4,2,6,1,1,1,1,2
CARMEN DE LA LEGUA,37,1,4,3,2,1,1,1,1,3
CARMEN DE LA LEGUA,48,1,1,2,1,1,1,1,1,3
CARMEN DE LA LEGUA,49,1,1,3,1,1,1,1,2,3
CARMEN DE LA LEGUA,21,0,6,3,1,1,1,1,1,3
CARMEN DE LA LEGUA,57,1,6,3,2,1,1,1,1,3
CARMEN DE LA LEGUA,47,1,1,3,1,1,1,1,1,3
CARMEN DE LA LEGUA,27,1,4,3,6,1,1,1,1,3
CARMEN DE LA LEGUA,43,1,6,3,2,1,1,6,1,3
CARMEN DE LA LEGUA,41,1,6,3,2,1,1,1,1,3
CARMEN DE LA LEGUA,28,1,6,2,2,1,1,1,1,3
CARMEN DE LA LEGUA,39,1,1,3,1,1,1,1,1,3
CARMEN DE LA LEGUA,40,1,1,3,1,1,1,1,1,3
CARMEN DE LA LEGUA,58,1,1,3,2,1,1,1,1,3
CARMEN DE LA LEGUA,47,1,1,3,1,1,1,1,1,3
CARMEN DE LA LEGUA,26,1,3,3,1,2,1,1,1,3
CARMEN DE LA LEGUA,60,0,1,2,2,1,1,1,1,3
CARMEN DE LA LEGUA,68,1,6,3,6,1,1,1,1,3
CARMEN DE LA LEGUA,34,1,2,3,1,1,1,1,1,3
CARMEN DE LA LEGUA,33,1,6,2,6,1,1,1,1,3
CARMEN DE LA LEGUA,39,1,6,3,1,1,1,1,1,3
CARMEN DE LA LEGUA,33,1,1,3,1,1,1,1,1,3
CARMEN DE LA LEGUA,43,1,6,2,6,2,1,1,1,3
CARMEN DE LA LEGUA,28,1,4,3,2,1,1,1,1,3
CARMEN DE LA LEGUA,33,1,4,3,2,1,1,1,1,3
CARMEN DE LA LEGUA,46,1,1,2,2,1,1,1,1,3
CARMEN DE LA LEGUA,42,1,6,2,2,1,1,1,1,3
CARMEN DE LA LEGUA,45,1,4,3,5,1,1,1,1,3
CARMEN DE LA LEGUA,50,1,4,3,6,1,1,1,1,3
CARMEN DE LA LEGUA,27,1,4,3,5,1,1,1,1,3
CARMEN DE LA LEGUA,50,1,3,2,2,1,1,1,1,3
CARMEN DE LA LEGUA,29,1,1,3,2,2,1,1,1,3
CARMEN DE LA LEGUA,52,1,1,2,2,5,1,1,1,3
CARMEN DE LA LEGUA,48,1,6,3,1,4,1,1,1,3
CARMEN DE LA LEGUA,32,1,4,2,6,1,1,1,1,3
CARMEN DE LA LEGUA,54,1,1,3,2,4,2,1,2,3
CARMEN DE LA LEGUA,42,1,1,3,2,2,1,1,1,3
CARMEN DE LA LEGUA,51,1,6,3,2,1,1,1,1,3
CARMEN DE LA LEGUA,70,0,1,2,2,1,1,1,1,3
CARMEN DE LA LEGUA,32,1,3,3,6,1,1,1,1,3
CARMEN DE LA LEGUA,40,1,3,3,4,4,3,6,1,3
CARMEN DE LA LEGUA,41,1,3,3,2,1,1,1,1,3
CARMEN DE LA LEGUA,52,0,4,2,1,1,1,1,1,3
CARMEN DE LA LEGUA,40,1,1,3,2,1,1,1,1,3
CARMEN DE LA LEGUA,46,1,6,2,6,1,1,1,1,3
CARMEN DE LA LEGUA,62,1,1,3,1,1,1,1,1,3
CARMEN DE LA LEGUA,42,1,3,3,5,1,1,1,1,3
CARMEN DE LA LEGUA,37,1,3,2,2,1,1,1,1,3
CARMEN DE LA LEGUA,44,1,1,3,2,1,1,1,1,3
CARMEN DE LA LEGUA,23,1,4,3,2,2,1,1,1,3
CARMEN DE LA LEGUA,55,1,6,2,1,1,5,1,1,3
CARMEN DE LA LEGUA,31,1,6,3,2,2,1,1,1,3
CARMEN DE LA LEGUA,47,1,3,2,1,1,1,1,2,3
CARMEN DE LA LEGUA,42,1,1,3,6,1,1,1,1,3
CARMEN DE LA LEGUA,52,1,1,2,6,1,1,1,1,3
CARMEN DE LA LEGUA,26,1,4,3,6,6,1,1,1,3
CARMEN DE LA LEGUA,31,1,4,3,1,1,1,1,1,3
CARMEN DE LA LEGUA,54,1,4,3,6,1,1,1,2,3
CARMEN DE LA LEGUA,46,1,1,2,5,1,1,1,1,4
CARMEN DE LA LEGUA,36,0,1,2,1,1,1,5,1,4
CARMEN DE LA LEGUA,67,1,6,3,2,1,1,1,1,4
CARMEN DE LA LEGUA,75,0,1,2,1,1,1,1,1,4
CARMEN DE LA LEGUA,61,1,3,3,4,1,1,1,1,4
CARMEN DE LA LEGUA,45,1,1,3,1,1,1,1,1,4
CARMEN DE LA LEGUA,39,1,1,3,1,1,1,1,1,4
CARMEN DE LA LEGUA,31,0,4,2,6,1,1,1,1,4
CARMEN DE LA LEGUA,40,1,4,2,5,1,1,1,1,4
CARMEN DE LA LEGUA,28,1,4,3,2,1,1,1,1,4
CARMEN DE LA LEGUA,44,1,1,3,2,2,1,1,1,4
CARMEN DE LA LEGUA,51,1,1,3,6,1,1,1,1,4
CARMEN DE LA LEGUA,23,1,4,3,6,2,1,1,1,4
CARMEN DE LA LEGUA,45,1,1,3,2,2,1,1,1,4
CARMEN DE LA LEGUA,57,1,5,2,4,1,1,1,1,4
CARMEN DE LA LEGUA,25,1,6,2,6,1,1,1,1,4
CARMEN DE LA LEGUA,32,1,5,2,2,1,1,1,1,4
CARMEN DE LA LEGUA,41,1,6,3,2,3,6,5,1,4
CARMEN DE LA LEGUA,22,1,3,3,2,1,1,1,1,4
CARMEN DE LA LEGUA,52,1,6,3,2,2,1,1,1,4
CARMEN DE LA LEGUA,62,1,4,2,2,1,1,1,1,4
CARMEN DE LA LEGUA,32,1,4,3,6,2,1,1,1,4
CARMEN DE LA LEGUA,57,1,6,3,6,1,1,1,1,4
CARMEN DE LA LEGUA,31,1,4,3,6,6,5,1,1,4
CARMEN DE LA LEGUA,46,1,1,3,5,3,1,1,1,4
CARMEN DE LA LEGUA,44,1,6,2,6,1,1,1,1,4
CARMEN DE LA LEGUA,27,1,4,3,6,1,1,1,1,4
CARMEN DE LA LEGUA,51,1,6,3,2,1,1,1,1,4
CARMEN DE LA LEGUA,47,1,3,3,5,1,1,1,1,4
CARMEN DE LA LEGUA,38,1,4,3,5,1,1,1,1,4
CARMEN DE LA LEGUA,28,1,1,3,1,1,1,1,1,4
CARMEN DE LA LEGUA,44,1,3,3,6,1,1,1,1,4
CARMEN DE LA LEGUA,46,1,6,3,1,1,1,1,1,4
CARMEN DE LA LEGUA,44,1,3,2,5,1,1,1,2,4
CARMEN DE LA LEGUA,30,1,1,3,6,6,1,1,1,4
CARMEN DE LA LEGUA,28,1,3,3,6,1,1,1,1,4
CARMEN DE LA LEGUA,43,1,3,3,5,6,1,1,1,4
CARMEN DE LA LEGUA,42,1,6,3,6,5,1,1,1,4
CARMEN DE LA LEGUA,49,1,1,3,5,1,1,1,1,4
CARMEN DE LA LEGUA,42,1,6,3,2,1,1,1,1,4
CARMEN DE LA LEGUA,43,1,4,2,5,3,1,1,1,4
CARMEN DE LA LEGUA,37,1,3,2,1,1,1,1,1,4
CARMEN DE LA LEGUA,20,1,3,2,6,2,2,1,1,4
CARMEN DE LA LEGUA,29,1,4,3,2,4,1,1,1,4
CARMEN DE LA LEGUA,35,1,4,2,5,5,1,1,1,4
CARMEN DE LA LEGUA,29,1,6,3,1,1,1,1,1,4
CARMEN DE LA LEGUA,44,0,3,3,6,5,1,1,2,4
CARMEN DE LA LEGUA,45,1,4,3,6,1,1,1,1,4
CARMEN DE LA LEGUA,50,1,4,2,2,2,1,1,1,4
CARMEN DE LA LEGUA,29,1,3,3,1,3,1,1,2,4
CARMEN DE LA LEGUA,30,1,4,3,2,1,1,1,1,4
CARMEN DE LA LEGUA,25,1,5,3,6,1,1,1,1,4
CARMEN DE LA LEGUA,42,1,3,2,6,1,1,1,1,4
CARMEN DE LA LEGUA,23,1,4,3,5,5,1,1,1,4
CARMEN DE LA LEGUA,46,1,4,2,6,1,1,1,1,4
CARMEN DE LA LEGUA,31,1,3,2,2,2,1,1,1,4
CARMEN DE LA LEGUA,34,1,4,3,1,2,1,1,1,4
CARMEN DE LA LEGUA,39,1,4,2,6,1,1,1,1,4
CARMEN DE LA LEGUA,64,1,6,2,2,1,1,1,1,4
CARMEN DE LA LEGUA,41,1,3,3,6,1,1,1,1,4
CARMEN DE LA LEGUA,36,1,5,2,1,1,1,1,1,4
CARMEN DE LA LEGUA,36,1,4,2,6,3,1,1,1,4
CARMEN DE LA LEGUA,30,1,6,2,2,1,1,1,1,4
CARMEN DE LA LEGUA,51,1,2,2,6,1,1,1,1,4
CARMEN DE LA LEGUA,49,1,3,3,6,1,1,1,1,4
CARMEN DE LA LEGUA,20,1,3,3,2,1,1,1,1,4
CARMEN DE LA LEGUA,25,1,4,2,6,1,1,1,1,4
CARMEN DE LA LEGUA,35,1,3,3,6,1,1,2,1,4
CARMEN DE LA LEGUA,23,1,3,3,6,3,1,1,1,4
CARMEN DE LA LEGUA,63,0,6,2,2,2,1,1,1,4
CARMEN DE LA LEGUA,42,1,6,3,6,1,1,1,1,4
CARMEN DE LA LEGUA,41,1,1,3,2,2,1,1,1,4
CARMEN DE LA LEGUA,53,1,6,3,6,1,1,1,1,4
CARMEN DE LA LEGUA,67,1,3,2,1,1,1,1,1,4
CARMEN DE LA LEGUA,32,1,4,3,2,1,1,1,1,4
CARMEN DE LA LEGUA,23,1,4,3,6,5,1,1,1,4
CARMEN DE LA LEGUA,27,1,4,3,2,1,1,1,1,5
CARMEN DE LA LEGUA,52,1,4,2,2,2,1,1,1,5
CARMEN DE LA LEGUA,27,1,5,2,6,1,1,1,1,5
CARMEN DE LA LEGUA,53,0,1,2,2,1,1,1,1,5
CARMEN DE LA LEGUA,32,1,3,3,2,1,1,1,1,5
CARMEN DE LA LEGUA,35,1,1,2,6,1,1,1,1,5
CARMEN DE LA LEGUA,25,1,4,2,6,6,1,1,1,5
CARMEN DE LA LEGUA,42,1,4,2,6,1,1,1,1,5
CARMEN DE LA LEGUA,58,1,4,3,1,1,1,1,1,5
CARMEN DE LA LEGUA,29,1,4,3,6,2,1,1,1,5
CARMEN DE LA LEGUA,44,1,4,3,6,1,1,1,1,5
CARMEN DE LA LEGUA,35,1,3,3,6,1,1,1,1,5
CARMEN DE LA LEGUA,43,1,6,2,2,1,1,1,1,5
CARMEN DE LA LEGUA,21,1,1,3,6,2,1,1,1,5
CARMEN DE LA LEGUA,46,1,1,2,1,1,1,1,1,5
CARMEN DE LA LEGUA,27,1,4,3,2,1,1,1,1,5
CARMEN DE LA LEGUA,48,0,1,3,1,1,1,1,1,5
CARMEN DE LA LEGUA,31,1,4,3,6,2,1,1,1,5
CARMEN DE LA LEGUA,29,1,4,3,6,3,1,1,1,5
CARMEN DE LA LEGUA,40,1,1,2,1,1,1,1,1,5
CARMEN DE LA LEGUA,26,0,4,2,6,6,1,1,1,5
CARMEN DE LA LEGUA,52,1,6,3,6,1,1,1,1,5
CARMEN DE LA LEGUA,60,1,6,2,6,1,1,1,1,5
CARMEN DE LA LEGUA,58,1,6,3,6,6,1,1,1,5
CARMEN DE LA LEGUA,72,1,1,2,5,1,1,1,1,5
CARMEN DE LA LEGUA,33,1,4,3,2,2,1,1,1,5
CARMEN DE LA LEGUA,34,0,4,3,5,5,5,1,1,5
CARMEN DE LA LEGUA,20,1,4,3,1,1,1,6,1,5
CARMEN DE LA LEGUA,41,1,4,3,5,3,4,1,1,5
CARMEN DE LA LEGUA,48,1,1,3,6,1,1,1,1,5
CARMEN DE LA LEGUA,35,1,1,3,6,1,1,6,2,5
CARMEN DE LA LEGUA,39,1,4,3,6,1,1,1,1,5
CARMEN DE LA LEGUA,27,1,4,3,2,2,1,1,1,5
CARMEN DE LA LEGUA,36,1,4,2,2,1,1,1,1,5
CARMEN DE LA LEGUA,54,1,1,3,1,1,1,1,1,5
CARMEN DE LA LEGUA,46,1,6,3,2,1,1,1,1,5
CARMEN DE LA LEGUA,38,1,4,2,6,1,1,1,1,5
CARMEN DE LA LEGUA,21,1,4,3,1,1,1,1,1,5
CARMEN DE LA LEGUA,43,0,4,3,2,1,1,1,1,5
CARMEN DE LA LEGUA,42,1,4,3,1,3,1,1,1,5
CARMEN DE LA LEGUA,33,1,4,3,6,1,6,1,1,5
CARMEN DE LA LEGUA,32,1,2,2,6,6,1,1,1,5
CARMEN DE LA LEGUA,54,1,1,3,5,5,1,1,1,5
CARMEN DE LA LEGUA,19,1,5,3,2,1,1,3,1,5
CARMEN DE LA LEGUA,38,1,4,3,2,2,1,1,1,5
CARMEN DE LA LEGUA,35,1,4,3,6,1,1,1,1,5
CARMEN DE LA LEGUA,40,1,6,3,2,1,1,1,1,5
CARMEN DE LA LEGUA,51,1,6,2,5,3,5,5,2,5
CARMEN DE LA LEGUA,52,1,3,3,6,1,1,1,1,5
CARMEN DE LA LEGUA,39,1,4,2,2,2,1,1,1,5
CARMEN DE LA LEGUA,22,1,5,3,2,2,1,2,1,5
CARMEN DE LA LEGUA,31,1,5,3,2,2,1,1,1,5
CARMEN DE LA LEGUA,41,1,4,2,6,1,1,1,1,5
CARMEN DE LA LEGUA,74,1,1,2,1,1,1,1,1,5
CARMEN DE LA LEGUA,25,1,4,3,2,5,1,1,1,5
CARMEN DE LA LEGUA,27,1,6,2,1,1,1,1,1,5
CARMEN DE LA LEGUA,27,1,4,2,6,2,1,1,1,5
CARMEN DE LA LEGUA,44,0,4,2,6,1,1,1,1,5
CARMEN DE LA LEGUA,34,1,1,3,2,2,1,1,1,5
CARMEN DE LA LEGUA,46,1,1,3,6,1,1,1,1,5
CARMEN DE LA LEGUA,50,1,6,2,6,1,1,1,1,5
CARMEN DE LA LEGUA,43,1,4,2,1,1,1,1,1,5
CARMEN DE LA LEGUA,54,1,3,2,6,1,1,1,1,5
CARMEN DE LA LEGUA,32,1,1,2,2,1,1,1,1,5
CARMEN DE LA LEGUA,26,1,3,3,2,1,1,1,1,5
CARMEN DE LA LEGUA,41,1,4,2,2,1,1,1,1,5
CARMEN DE LA LEGUA,27,1,6,3,2,1,1,1,1,5
CARMEN DE LA LEGUA,55,0,3,3,2,1,1,1,1,5
CARMEN DE LA LEGUA,47,1,1,3,6,6,1,1,1,5
CARMEN DE LA LEGUA,42,0,5,3,2,1,1,1,1,5
CARMEN DE LA LEGUA,57,1,6,3,1,1,1,1,1,5
CARMEN DE LA LEGUA,43,1,1,2,2,1,1,1,1,5
CARMEN DE LA LEGUA,55,0,5,3,1,2,1,1,1,5
CARMEN DE LA LEGUA,48,1,6,2,6,2,1,1,1,5
CARMEN DE LA LEGUA,26,1,5,3,1,1,1,1,1,5
CARMEN DE LA LEGUA,26,0,6,3,2,2,1,1,1,5
CARMEN DE LA LEGUA,57,1,4,2,6,3,1,1,1,5
CARMEN DE LA LEGUA,64,0,2,2,6,1,1,1,1,5
CARMEN DE LA LEGUA,64,0,1,2,1,1,1,1,2,6
CARMEN DE LA LEGUA,28,1,4,3,2,1,1,1,1,6
CARMEN DE LA LEGUA,40,1,2,2,1,1,1,1,1,6
CARMEN DE LA LEGUA,55,1,6,2,2,2,1,1,1,6
CARMEN DE LA LEGUA,26,1,4,3,5,5,1,1,1,6
CARMEN DE LA LEGUA,39,1,4,3,2,4,1,1,1,6
CARMEN DE LA LEGUA,41,1,2,3,2,3,1,1,1,6
CARMEN DE LA LEGUA,43,1,6,3,2,1,1,1,1,6
CARMEN DE LA LEGUA,33,1,4,3,2,1,1,1,1,6
CARMEN DE LA LEGUA,59,1,6,3,6,3,1,1,1,6
CARMEN DE LA LEGUA,53,1,4,3,6,1,1,1,1,6
CARMEN DE LA LEGUA,39,0,4,3,2,1,1,1,1,6
CARMEN DE LA LEGUA,44,1,1,3,2,1,1,4,1,6
CARMEN DE LA LEGUA,28,0,3,3,2,1,1,1,1,6
CARMEN DE LA LEGUA,45,1,4,3,2,1,1,1,1,6
CARMEN DE LA LEGUA,44,1,1,3,5,1,1,1,1,6
CARMEN DE LA LEGUA,40,1,4,2,1,1,1,1,1,6
CARMEN DE LA LEGUA,39,1,4,2,2,1,1,1,1,6
CARMEN DE LA LEGUA,52,1,6,3,2,1,1,1,1,6
CARMEN DE LA LEGUA,22,1,4,3,2,3,5,1,1,6
CARMEN DE LA LEGUA,41,0,5,2,1,2,1,2,1,6
CARMEN DE LA LEGUA,29,1,4,3,2,1,1,1,1,6
CARMEN DE LA LEGUA,43,1,4,3,2,1,1,1,1,6
CARMEN DE LA LEGUA,51,1,6,3,2,1,1,1,1,6
CARMEN DE LA LEGUA,38,1,4,2,2,1,1,1,1,6
CARMEN DE LA LEGUA,50,1,1,3,5,1,1,1,1,6
CARMEN DE LA LEGUA,44,1,3,3,2,1,1,1,1,6
CARMEN DE LA LEGUA,43,1,4,3,2,1,1,1,1,6
CARMEN DE LA LEGUA,35,1,4,3,5,1,1,1,1,6
CARMEN DE LA LEGUA,41,1,3,2,2,1,1,1,1,6
CARMEN DE LA LEGUA,37,1,6,2,2,1,1,1,1,6
CARMEN DE LA LEGUA,29,1,4,2,2,4,1,1,1,6
CARMEN DE LA LEGUA,62,1,6,2,2,3,1,1,1,6
CARMEN DE LA LEGUA,44,1,3,3,1,1,1,1,1,6
CARMEN DE LA LEGUA,43,1,6,3,2,1,1,1,1,6
CARMEN DE LA LEGUA,33,1,1,2,6,6,1,1,1,6
CARMEN DE LA LEGUA,41,1,1,2,2,1,1,1,1,6
CARMEN DE LA LEGUA,65,1,6,3,2,1,1,1,1,6
CARMEN DE LA LEGUA,36,1,4,3,2,1,1,1,1,6
CARMEN DE LA LEGUA,42,1,6,3,1,1,1,1,1,6
CARMEN DE LA LEGUA,32,1,4,2,2,1,1,1,1,6
CARMEN DE LA LEGUA,60,1,4,3,6,1,1,1,1,6
CARMEN DE LA LEGUA,26,1,6,3,6,2,1,1,1,6
CARMEN DE LA LEGUA,34,1,6,3,2,1,1,1,1,6
CARMEN DE LA LEGUA,22,1,3,3,2,3,1,1,1,6
CARMEN DE LA LEGUA,35,1,3,3,6,1,1,1,1,6
CARMEN DE LA LEGUA,46,1,6,3,2,1,1,1,1,6
CARMEN DE LA LEGUA,51,1,3,3,2,1,1,1,1,6
CARMEN DE LA LEGUA,38,1,4,3,5,1,1,1,1,6
CARMEN DE LA LEGUA,38,1,2,2,1,2,1,1,1,6
CARMEN DE LA LEGUA,49,1,4,3,2,1,1,1,1,6
CARMEN DE LA LEGUA,69,1,1,2,1,2,1,1,1,6
CARMEN DE LA LEGUA,49,1,4,3,2,4,1,1,1,6
CARMEN DE LA LEGUA,71,0,6,2,2,1,1,1,1,7
CARMEN DE LA LEGUA,52,1,5,2,2,2,1,1,1,7
CARMEN DE LA LEGUA,44,1,1,3,2,1,1,1,1,7
CARMEN DE LA LEGUA,23,1,4,3,2,1,1,1,1,7
CARMEN DE LA LEGUA,21,1,4,2,5,5,1,1,1,7
CARMEN DE LA LEGUA,34,1,1,2,2,1,1,1,1,7
CARMEN DE LA LEGUA,20,1,4,3,6,1,1,1,1,7
CARMEN DE LA LEGUA,67,1,4,2,2,3,1,1,1,7
CARMEN DE LA LEGUA,47,1,4,2,2,1,1,1,1,7
CARMEN DE LA LEGUA,48,0,2,3,1,1,1,1,1,7
CARMEN DE LA LEGUA,41,1,4,2,1,1,1,1,1,7
CARMEN DE LA LEGUA,32,1,1,3,2,2,1,1,1,7
CARMEN DE LA LEGUA,41,1,3,3,5,1,1,1,1,7
CARMEN DE LA LEGUA,39,0,4,2,6,6,1,1,1,7
CARMEN DE LA LEGUA,33,1,5,3,1,4,1,1,1,7
CARMEN DE LA LEGUA,36,1,3,3,6,2,1,1,1,7
CARMEN DE LA LEGUA,39,1,1,3,1,1,1,1,1,7
CARMEN DE LA LEGUA,47,1,3,2,6,2,1,1,1,7
CARMEN DE LA LEGUA,37,1,4,3,2,1,1,1,1,7
CARMEN DE LA LEGUA,33,1,4,2,2,2,2,1,1,7
CARMEN DE LA LEGUA,66,1,6,2,2,1,6,1,1,7
CARMEN DE LA LEGUA,41,1,4,3,5,1,1,1,1,7
CARMEN DE LA LEGUA,31,1,4,2,2,1,1,1,1,7
CARMEN DE LA LEGUA,51,0,6,3,2,4,1,1,1,7
CARMEN DE LA LEGUA,51,1,1,3,1,1,1,1,1,7
CARMEN DE LA LEGUA,32,1,3,3,2,1,1,1,1,7
CARMEN DE LA LEGUA,44,1,1,2,2,1,1,1,1,7
CARMEN DE LA LEGUA,47,1,4,3,6,2,1,1,1,7
CARMEN DE LA LEGUA,59,1,3,2,2,1,1,1,1,7
CARMEN DE LA LEGUA,37,1,1,2,2,1,1,1,1,7
CARMEN DE LA LEGUA,38,1,1,2,6,1,1,1,1,7
CARMEN DE LA LEGUA,33,1,6,2,2,4,1,1,1,7
CARMEN DE LA LEGUA,62,1,3,3,1,1,1,1,1,7
CARMEN DE LA LEGUA,35,1,6,2,2,1,1,1,1,7
CARMEN DE LA LEGUA,25,1,4,3,2,2,1,1,1,7
CARMEN DE LA LEGUA,35,1,6,3,4,4,1,1,1,7
CARMEN DE LA LEGUA,34,1,4,3,6,6,1,1,1,7
CARMEN DE LA LEGUA,32,1,3,3,2,1,1,1,1,7
CARMEN DE LA LEGUA,28,1,4,2,2,1,1,1,1,7
CARMEN DE LA LEGUA,36,1,6,2,2,2,1,1,1,7
CARMEN DE LA LEGUA,56,1,4,3,2,3,1,1,1,7
CARMEN DE LA LEGUA,38,1,4,2,2,3,1,1,1,7
CARMEN DE LA LEGUA,55,1,6,2,1,1,1,1,1,7
CARMEN DE LA LEGUA,23,1,4,3,1,2,1,1,1,7
CARMEN DE LA LEGUA,21,1,5,3,2,2,1,1,1,7
CARMEN DE LA LEGUA,37,1,3,3,2,2,1,1,1,7
CARMEN DE LA LEGUA,48,1,1,3,2,1,1,1,1,7
CARMEN DE LA LEGUA,55,1,1,3,2,1,1,1,1,7
CARMEN DE LA LEGUA,26,1,5,3,2,3,1,1,1,7
CARMEN DE LA LEGUA,44,1,6,3,5,1,5,1,2,7
CARMEN DE LA LEGUA,38,0,1,3,2,2,1,1,2,7
CARMEN DE LA LEGUA,44,1,4,3,2,1,1,1,1,7
CARMEN DE LA LEGUA,57,1,3,2,2,3,1,1,1,7
CARMEN DE LA LEGUA,56,0,1,2,6,1,1,1,1,7
CARMEN DE LA LEGUA,44,1,1,2,2,2,1,1,1,7
CARMEN DE LA LEGUA,38,0,4,3,6,1,1,1,1,7
CARMEN DE LA LEGUA,35,1,4,2,2,3,1,1,1,7
CARMEN DE LA LEGUA,33,1,6,2,2,2,1,1,1,7
CARMEN DE LA LEGUA,43,1,4,2,6,6,1,1,1,7
CARMEN DE LA LEGUA,41,1,1,3,1,1,1,1,1,7
CARMEN DE LA LEGUA,47,1,6,2,6,2,1,1,1,7
CARMEN DE LA LEGUA,29,1,4,3,2,2,1,1,1,7
CARMEN DE LA LEGUA,34,1,4,2,2,1,1,1,1,7
CARMEN DE LA LEGUA,44,1,1,2,5,1,1,1,1,7
CARMEN DE LA LEGUA,56,1,6,2,1,1,1,1,1,7
CARMEN DE LA LEGUA,20,0,6,2,1,1,1,1,2,7
CARMEN DE LA LEGUA,58,0,4,2,1,1,1,1,1,7
CARMEN DE LA LEGUA,56,1,2,2,2,1,1,1,1,7
CARMEN DE LA LEGUA,19,1,3,3,2,2,1,1,1,7
CARMEN DE LA LEGUA,39,1,3,2,1,1,6,1,1,7
CARMEN DE LA LEGUA,25,1,4,3,2,2,2,1,1,7
CARMEN DE LA LEGUA,33,1,4,3,2,1,1,1,1,7
CARMEN DE LA LEGUA,42,1,4,3,6,1,1,1,1,7
CARMEN DE LA LEGUA,35,1,4,2,2,1,1,2,1,8
CARMEN DE LA LEGUA,40,1,6,2,1,2,1,1,1,8
CARMEN DE LA LEGUA,29,1,1,3,1,1,1,1,1,8
CARMEN DE LA LEGUA,49,1,3,3,6,1,1,1,1,8
CARMEN DE LA LEGUA,21,0,6,2,2,1,1,1,1,8
CARMEN DE LA LEGUA,37,1,2,2,6,1,1,1,1,8
CARMEN DE LA LEGUA,31,1,4,3,2,1,1,1,1,8
CARMEN DE LA LEGUA,38,1,1,3,6,1,1,1,1,8
CARMEN DE LA LEGUA,40,1,1,2,2,1,1,1,1,8
CARMEN DE LA LEGUA,51,1,3,3,6,6,1,1,1,8
CARMEN DE LA LEGUA,31,1,4,3,6,1,1,1,1,8
CARMEN DE LA LEGUA,78,0,1,3,2,2,1,1,1,8
CARMEN DE LA LEGUA,30,1,5,3,2,1,1,1,1,8
CARMEN DE LA LEGUA,36,1,3,3,2,1,3,1,2,8
CARMEN DE LA LEGUA,39,1,1,2,2,1,1,1,1,8
CARMEN DE LA LEGUA,39,1,2,2,2,1,1,1,1,8
CARMEN DE LA LEGUA,41,1,3,3,2,1,1,1,1,8
CARMEN DE LA LEGUA,51,1,6,3,6,6,1,1,1,8
CARMEN DE LA LEGUA,23,1,5,2,2,1,1,1,1,8
CARMEN DE LA LEGUA,31,1,5,2,2,1,1,1,1,8
CARMEN DE LA LEGUA,48,1,4,2,1,1,1,1,1,8
CARMEN DE LA LEGUA,55,1,1,2,1,1,1,1,1,8
CARMEN DE LA LEGUA,36,1,3,3,1,1,1,2,1,8
CARMEN DE LA LEGUA,47,1,6,2,2,1,1,1,2,8
CARMEN DE LA LEGUA,29,1,3,3,5,1,1,1,1,8
CARMEN DE LA LEGUA,40,1,6,3,2,1,1,1,1,8
CARMEN DE LA LEGUA,31,1,1,3,2,3,1,1,1,8
CARMEN DE LA LEGUA,35,1,4,2,2,1,1,1,1,8
CARMEN DE LA LEGUA,43,1,2,2,1,2,1,1,1,8
CARMEN DE LA LEGUA,45,1,6,2,2,1,1,1,1,8
CARMEN DE LA LEGUA,42,1,4,3,5,1,1,1,1,8
CARMEN DE LA LEGUA,25,1,4,3,2,1,1,1,1,8
CARMEN DE LA LEGUA,33,1,4,2,2,1,1,1,1,8
CARMEN DE LA LEGUA,35,1,4,2,2,1,1,1,1,8
CARMEN DE LA LEGUA,48,1,4,3,2,1,1,1,1,8
CARMEN DE LA LEGUA,23,1,3,3,6,1,1,1,1,8
CARMEN DE LA LEGUA,41,1,3,2,2,1,1,1,1,8
CARMEN DE LA LEGUA,45,1,6,2,1,1,1,1,1,8
CARMEN DE LA LEGUA,30,1,6,2,5,5,1,1,1,8
CARMEN DE LA LEGUA,32,1,1,3,6,6,1,1,1,8
CARMEN DE LA LEGUA,47,1,5,2,2,1,1,1,2,8
CARMEN DE LA LEGUA,39,1,3,2,2,1,1,1,1,8
CARMEN DE LA LEGUA,81,0,1,2,1,1,1,2,2,8
CARMEN DE LA LEGUA,50,1,2,3,2,3,1,1,1,8
CARMEN DE LA LEGUA,32,1,3,3,2,1,1,1,1,8
CARMEN DE LA LEGUA,46,0,3,2,2,1,1,1,1,8
CARMEN DE LA LEGUA,37,1,4,2,6,1,1,1,1,8
CARMEN DE LA LEGUA,63,1,6,3,2,5,1,1,1,8
CARMEN DE LA LEGUA,70,0,1,2,5,3,1,1,1,8
CARMEN DE LA LEGUA,67,1,6,2,6,1,1,1,1,8
CARMEN DE LA LEGUA,60,0,4,3,6,3,1,1,1,8
CARMEN DE LA LEGUA,30,1,4,3,2,1,1,1,1,8
CARMEN DE LA LEGUA,52,1,1,2,2,1,1,1,1,8
CARMEN DE LA LEGUA,60,1,2,2,2,2,1,1,1,8
CARMEN DE LA LEGUA,31,1,3,3,2,1,1,1,1,8
CARMEN DE LA LEGUA,23,0,5,2,2,1,1,1,1,8
CARMEN DE LA LEGUA,40,1,4,2,2,2,1,1,1,8
CARMEN DE LA LEGUA,31,1,5,3,2,2,1,1,1,8
CARMEN DE LA LEGUA,57,1,6,2,1,1,1,1,1,8
CARMEN DE LA LEGUA,37,1,2,2,6,2,1,1,1,8
CARMEN DE LA LEGUA,33,1,4,2,1,1,1,1,1,8
CARMEN DE LA LEGUA,44,1,4,2,2,2,1,1,1,8
CARMEN DE LA LEGUA,45,1,1,2,1,1,1,1,1,8
CARMEN DE LA LEGUA,32,1,3,2,2,2,1,1,1,8
CARMEN DE LA LEGUA,25,1,4,2,2,2,1,1,1,8
CARMEN DE LA LEGUA,24,1,4,2,1,1,1,1,1,8
CARMEN DE LA LEGUA,42,1,1,2,1,1,1,1,1,8
CARMEN DE LA LEGUA,55,1,4,2,2,1,1,1,1,8
CARMEN DE LA LEGUA,64,1,6,2,1,1,1,1,1,8
CARMEN DE LA LEGUA,58,0,1,3,1,3,1,1,1,8
CARMEN DE LA LEGUA,69,0,1,2,5,1,1,1,2,8
CARMEN DE LA LEGUA,64,1,6,2,5,1,1,1,1,9
CARMEN DE LA LEGUA,37,1,6,3,2,1,1,1,1,9
CARMEN DE LA LEGUA,51,1,1,3,4,1,1,1,1,9
CARMEN DE LA LEGUA,55,1,1,2,2,1,1,1,1,9
CARMEN DE LA LEGUA,45,1,4,3,5,5,1,1,2,9
CARMEN DE LA LEGUA,25,1,3,3,5,5,1,1,1,9
CARMEN DE LA LEGUA,51,1,6,3,2,1,1,1,1,9
CARMEN DE LA LEGUA,37,0,4,3,1,1,1,1,1,9
CARMEN DE LA LEGUA,22,1,3,3,2,1,1,1,1,9
CARMEN DE LA LEGUA,41,1,4,3,2,1,1,1,1,9
CARMEN DE LA LEGUA,49,1,1,2,1,1,1,1,1,9
CARMEN DE LA LEGUA,48,1,4,3,2,1,1,1,1,9
CARMEN DE LA LEGUA,76,1,6,2,1,1,1,1,1,9
CARMEN DE LA LEGUA,36,1,3,3,2,1,1,1,2,9
CARMEN DE LA LEGUA,36,1,1,3,2,2,1,1,1,9
CARMEN DE LA LEGUA,39,1,4,3,2,2,1,1,1,9
CARMEN DE LA LEGUA,52,1,1,2,1,1,1,1,1,9
CARMEN DE LA LEGUA,29,1,1,3,2,1,1,1,1,9
CARMEN DE LA LEGUA,37,1,6,3,1,1,1,1,1,9
CARMEN DE LA LEGUA,55,1,3,3,2,1,1,1,1,9
CARMEN DE LA LEGUA,26,1,1,3,1,1,1,1,1,9
CARMEN DE LA LEGUA,55,1,6,2,1,1,1,1,2,9
CARMEN DE LA LEGUA,53,1,3,3,5,1,1,1,1,9
CARMEN DE LA LEGUA,36,1,6,3,6,3,1,1,1,9
CARMEN DE LA LEGUA,48,1,6,3,2,1,1,1,1,9
CARMEN DE LA LEGUA,58,1,4,2,6,1,1,1,1,9
CARMEN DE LA LEGUA,32,1,4,2,2,1,1,1,1,9
CARMEN DE LA LEGUA,50,1,3,3,2,1,1,1,1,9
CARMEN DE LA LEGUA,39,1,1,2,2,2,1,1,1,9
CARMEN DE LA LEGUA,28,1,4,2,1,1,1,1,1,9
CARMEN DE LA LEGUA,57,1,6,3,2,1,1,1,1,9
CARMEN DE LA LEGUA,49,1,4,3,6,1,1,1,1,9
CARMEN DE LA LEGUA,39,0,4,3,2,1,1,1,1,9
CARMEN DE LA LEGUA,38,1,6,3,2,1,1,1,1,9
CARMEN DE LA LEGUA,29,1,4,2,2,2,1,1,1,9
CARMEN DE LA LEGUA,52,1,6,3,2,1,1,1,1,9
CARMEN DE LA LEGUA,43,1,6,3,1,1,1,1,1,9
CARMEN DE LA LEGUA,61,0,2,2,1,1,1,1,1,9
CARMEN DE LA LEGUA,48,1,6,2,1,1,1,1,1,9
CARMEN DE LA LEGUA,19,1,3,3,5,1,5,1,2,9
CARMEN DE LA LEGUA,56,1,1,3,2,1,1,1,1,9
CARMEN DE LA LEGUA,32,1,1,2,1,1,1,1,1,9
CARMEN DE LA LEGUA,31,1,3,2,2,5,1,1,1,9
CARMEN DE LA LEGUA,49,1,4,3,2,2,1,1,1,9
CARMEN DE LA LEGUA,30,1,5,2,1,1,1,1,1,9
CARMEN DE LA LEGUA,53,1,2,3,1,1,1,1,1,9
CARMEN DE LA LEGUA,55,1,6,3,6,6,1,1,1,9
CARMEN DE LA LEGUA,44,1,4,3,6,6,1,1,1,9
CARMEN DE LA LEGUA,23,1,5,3,1,1,1,1,1,9
CARMEN DE LA LEGUA,74,1,6,2,2,5,1,1,1,9
CARMEN DE LA LEGUA,27,1,4,3,6,1,1,1,1,9
CARMEN DE LA LEGUA,30,1,6,3,2,2,1,1,1,9
CARMEN DE LA LEGUA,57,1,6,2,2,1,1,1,1,9
CARMEN DE LA LEGUA,44,1,1,3,6,1,1,1,1,9
CARMEN DE LA LEGUA,27,1,1,3,2,1,1,1,1,9
CARMEN DE LA LEGUA,39,1,5,2,2,1,1,1,1,9
CARMEN DE LA LEGUA,28,1,6,3,2,2,1,1,1,9
CARMEN DE LA LEGUA,38,1,3,2,2,1,1,1,1,9
CARMEN DE LA LEGUA,27,1,4,3,2,2,1,1,1,9
CARMEN DE LA LEGUA,24,1,5,3,2,2,1,1,2,9
CARMEN DE LA LEGUA,32,1,5,3,2,3,1,4,2,9
CARMEN DE LA LEGUA,49,1,5,3,2,2,1,2,1,9
CARMEN DE LA LEGUA,36,1,5,2,2,2,1,1,1,10
CARMEN DE LA LEGUA,61,0,5,2,2,1,1,1,1,10
CARMEN DE LA LEGUA,47,1,1,2,6,1,1,1,1,10
CARMEN DE LA LEGUA,54,1,1,2,2,1,1,1,1,10
CARMEN DE LA LEGUA,31,1,4,2,2,1,1,1,1,10
CARMEN DE LA LEGUA,65,1,4,1,1,1,1,1,1,10
CARMEN DE LA LEGUA,33,1,6,2,6,6,1,1,2,10
CARMEN DE LA LEGUA,30,1,4,3,2,1,1,1,1,10
CARMEN DE LA LEGUA,35,1,2,3,6,1,1,1,1,10
CARMEN DE LA LEGUA,41,1,6,3,2,1,1,1,1,10
CARMEN DE LA LEGUA,38,1,4,3,6,2,1,1,2,10
CARMEN DE LA LEGUA,54,1,4,2,2,1,1,1,1,10
CARMEN DE LA LEGUA,26,1,5,2,2,2,1,1,1,10
CARMEN DE LA LEGUA,31,1,5,3,2,1,1,1,1,10
CARMEN DE LA LEGUA,23,1,5,3,6,1,1,1,1,10
CARMEN DE LA LEGUA,46,1,3,3,2,1,1,1,1,10
CARMEN DE LA LEGUA,40,1,5,3,2,1,1,1,1,10
CARMEN DE LA LEGUA,39,1,5,2,1,1,1,1,1,10
CARMEN DE LA LEGUA,42,1,1,2,2,1,1,1,1,10
CARMEN DE LA LEGUA,37,1,2,2,1,1,1,1,2,10
CARMEN DE LA LEGUA,54,1,2,2,6,6,2,1,2,10
CARMEN DE LA LEGUA,27,1,4,2,2,1,1,1,2,10
CARMEN DE LA LEGUA,37,1,6,3,2,1,1,1,1,10
CARMEN DE LA LEGUA,51,1,2,2,2,1,1,1,1,10
CARMEN DE LA LEGUA,52,1,6,2,2,1,1,1,1,10
CARMEN DE LA LEGUA,34,1,3,2,6,4,1,1,2,10
CARMEN DE LA LEGUA,43,1,1,2,6,3,1,1,2,10
CARMEN DE LA LEGUA,36,1,5,3,5,3,1,1,1,10
CARMEN DE LA LEGUA,41,1,2,2,6,1,6,1,2,10
CARMEN DE LA LEGUA,47,1,1,2,6,1,1,1,2,10
CARMEN DE LA LEGUA,63,1,1,2,6,1,1,1,2,10
CARMEN DE LA LEGUA,42,1,6,3,1,1,1,1,1,10
CARMEN DE LA LEGUA,42,1,4,2,1,3,1,1,1,10
CARMEN DE LA LEGUA,47,1,5,3,6,1,1,1,2,10
CARMEN DE LA LEGUA,37,1,6,3,6,3,1,1,1,10
CARMEN DE LA LEGUA,33,1,6,3,6,1,1,6,2,10
CARMEN DE LA LEGUA,49,1,4,2,6,6,1,1,2,10
CARMEN DE LA LEGUA,52,1,4,2,5,4,1,1,2,10
CARMEN DE LA LEGUA,47,1,1,3,1,3,1,1,2,10
CARMEN DE LA LEGUA,64,1,6,3,6,1,1,1,2,10
CARMEN DE LA LEGUA,41,1,4,3,1,1,1,1,2,10
CARMEN DE LA LEGUA,43,1,4,3,1,2,1,1,1,10
CARMEN DE LA LEGUA,52,1,1,2,1,1,1,1,2,10
CARMEN DE LA LEGUA,49,1,4,2,1,2,2,1,1,10
CARMEN DE LA LEGUA,74,1,6,2,6,1,1,1,1,10
CARMEN DE LA LEGUA,64,0,1,2,1,1,1,1,1,10
CARMEN DE LA LEGUA,37,1,1,2,1,1,1,1,2,10
CARMEN DE LA LEGUA,53,1,6,2,5,1,1,1,2,10
CARMEN DE LA LEGUA,32,1,3,3,5,1,1,1,2,10
CARMEN DE LA LEGUA,65,0,1,2,6,4,1,4,2,10
CARMEN DE LA LEGUA,36,1,3,3,6,1,1,1,2,10
CARMEN DE LA LEGUA,66,1,1,2,1,1,1,1,1,10
CARMEN DE LA LEGUA,61,1,6,2,2,1,1,1,1,10
CARMEN DE LA LEGUA,33,1,6,3,2,2,1,1,1,10
CARMEN DE LA LEGUA,31,1,4,2,2,1,1,1,1,10
CARMEN DE LA LEGUA,26,1,4,3,6,6,1,1,1,10
CARMEN DE LA LEGUA,40,1,3,2,1,1,1,1,1,10
CARMEN DE LA LEGUA,35,1,6,2,2,3,1,1,1,10
CARMEN DE LA LEGUA,20,1,3,3,6,5,1,1,1,10
CARMEN DE LA LEGUA,45,1,1,2,1,1,1,1,2,10
CARMEN DE LA LEGUA,40,1,1,3,6,4,1,1,1,10
CARMEN DE LA LEGUA,59,0,1,3,6,1,1,1,2,10
CARMEN DE LA LEGUA,36,1,4,3,2,1,1,1,1,10
CARMEN DE LA LEGUA,47,1,6,2,1,1,1,1,1,11
CARMEN DE LA LEGUA,43,1,1,3,6,1,1,1,1,11
CARMEN DE LA LEGUA,57,1,6,3,6,5,1,1,1,11
CARMEN DE LA LEGUA,61,1,3,1,1,1,1,1,1,11
CARMEN DE LA LEGUA,21,1,6,3,6,5,1,1,2,11
CARMEN DE LA LEGUA,38,1,3,3,2,1,1,1,3,11
CARMEN DE LA LEGUA,23,1,4,3,1,1,2,1,2,11
CARMEN DE LA LEGUA,46,1,1,2,6,3,1,1,1,11
CARMEN DE LA LEGUA,37,1,4,2,6,1,1,1,1,11
CARMEN DE LA LEGUA,53,1,6,3,1,1,1,1,1,11
CARMEN DE LA LEGUA,54,1,1,2,6,1,1,1,1,11
CARMEN DE LA LEGUA,25,1,3,3,6,1,1,1,2,11
CARMEN DE LA LEGUA,54,1,4,2,6,1,1,1,2,11
CARMEN DE LA LEGUA,43,1,3,3,2,1,1,1,1,11
CARMEN DE LA LEGUA,30,1,5,3,1,1,1,1,1,11
CARMEN DE LA LEGUA,50,0,6,2,1,1,1,1,3,11
CARMEN DE LA LEGUA,37,1,1,3,2,5,1,1,2,11
CARMEN DE LA LEGUA,52,1,6,2,2,2,1,1,1,11
CARMEN DE LA LEGUA,37,1,4,2,1,1,1,1,1,11
CARMEN DE LA LEGUA,36,1,6,3,6,1,1,1,1,11
CARMEN DE LA LEGUA,47,1,6,3,6,1,1,1,1,11
CARMEN DE LA LEGUA,28,1,5,3,2,1,1,1,1,11
CARMEN DE LA LEGUA,53,1,6,3,5,3,1,1,2,11
CARMEN DE LA LEGUA,38,1,4,2,6,1,1,1,1,11
CARMEN DE LA LEGUA,54,1,1,2,5,1,5,1,3,11
CARMEN DE LA LEGUA,22,1,3,3,6,1,1,1,2,11
CARMEN DE LA LEGUA,28,1,3,3,6,1,1,1,1,11
CARMEN DE LA LEGUA,55,1,6,3,6,1,1,1,1,11
CARMEN DE LA LEGUA,36,1,1,2,6,6,1,1,1,11
CARMEN DE LA LEGUA,51,1,3,2,6,1,6,1,2,11
CARMEN DE LA LEGUA,54,1,3,2,6,1,6,1,1,11
CARMEN DE LA LEGUA,32,1,5,3,2,1,1,1,1,11
CARMEN DE LA LEGUA,38,1,4,3,6,1,1,1,1,11
CARMEN DE LA LEGUA,42,1,3,3,6,1,1,1,1,11
CARMEN DE LA LEGUA,24,0,3,3,6,6,1,1,2,11
CARMEN DE LA LEGUA,36,0,3,2,1,5,1,1,2,11
CARMEN DE LA LEGUA,36,1,1,2,6,1,1,1,2,11
CARMEN DE LA LEGUA,62,1,6,2,1,1,1,1,1,11
CARMEN DE LA LEGUA,57,1,3,2,6,1,1,1,2,11
CARMEN DE LA LEGUA,36,1,1,3,6,1,1,1,2,11
CARMEN DE LA LEGUA,48,1,1,2,1,1,1,1,1,11
CARMEN DE LA LEGUA,31,0,4,3,6,3,1,1,1,11
CARMEN DE LA LEGUA,49,1,3,3,6,1,1,1,1,11
CARMEN DE LA LEGUA,37,1,3,2,6,1,1,1,1,11
CARMEN DE LA LEGUA,56,1,1,3,2,1,1,1,1,11
CARMEN DE LA LEGUA,33,1,1,2,6,6,1,1,1,11
CARMEN DE LA LEGUA,40,1,3,2,6,6,1,1,2,11
CARMEN DE LA LEGUA,38,1,1,2,6,1,1,1,1,11
CARMEN DE LA LEGUA,25,1,4,3,2,1,1,1,1,11
CARMEN DE LA LEGUA,52,0,1,3,6,6,1,1,1,11
CARMEN DE LA LEGUA,44,1,3,2,6,1,1,1,2,11
CARMEN DE LA LEGUA,66,1,4,3,6,1,1,1,1,11
CARMEN DE LA LEGUA,21,1,6,3,6,6,1,6,1,11
CARMEN DE LA LEGUA,45,1,4,2,6,6,1,1,1,11
CARMEN DE LA LEGUA,71,0,1,2,1,1,1,1,1,11
CARMEN DE LA LEGUA,25,1,1,2,1,1,1,1,1,11
CARMEN DE LA LEGUA,53,1,4,3,6,4,1,1,2,11
CARMEN DE LA LEGUA,44,1,1,3,6,1,1,1,1,11
CARMEN DE LA LEGUA,46,1,3,3,2,1,1,1,1,11
CARMEN DE LA LEGUA,46,1,1,3,6,6,1,1,1,11
CARMEN DE LA LEGUA,23,1,5,2,6,6,1,1,1,11
CARMEN DE LA LEGUA,38,1,4,3,2,1,1,1,1,11
CARMEN DE LA LEGUA,63,1,3,3,6,1,1,1,1,11
CARMEN DE LA LEGUA,50,1,4,2,1,1,1,1,2,11
CARMEN DE LA LEGUA,41,1,4,2,6,1,1,1,1,11
CARMEN DE LA LEGUA,52,0,4,2,1,3,1,1,1,11
CARMEN DE LA LEGUA,35,1,4,2,6,1,1,1,1,11
CARMEN DE LA LEGUA,46,1,4,3,2,1,1,1,1,11
CARMEN DE LA LEGUA,24,1,4,2,2,1,1,1,1,11
CARMEN DE LA LEGUA,24,1,6,3,6,6,1,1,1,11
CARMEN DE LA LEGUA,39,1,4,3,6,1,1,1,1,11
CARMEN DE LA LEGUA,29,1,4,3,6,1,1,1,3,11
CARMEN DE LA LEGUA,30,1,6,3,2,1,1,1,1,11
CARMEN DE LA LEGUA,34,1,4,3,2,1,1,1,1,11
CARMEN DE LA LEGUA,76,0,1,2,2,5,1,1,1,11
CARMEN DE LA LEGUA,36,1,3,2,1,1,1,1,1,11
CARMEN DE LA LEGUA,28,0,3,3,6,1,1,1,1,11
CARMEN DE LA LEGUA,41,1,4,3,6,1,1,1,1,11
CARMEN DE LA LEGUA,61,1,1,3,6,1,1,1,1,11
CARMEN DE LA LEGUA,55,1,3,2,2,1,1,1,1,11
CARMEN DE LA LEGUA,58,0,3,3,1,1,1,1,1,11
CARMEN DE LA LEGUA,46,1,4,3,1,1,1,1,1,11
CARMEN DE LA LEGUA,44,1,5,2,5,5,1,1,1,12
CARMEN DE LA LEGUA,40,1,4,2,1,1,1,1,1,12
CARMEN DE LA LEGUA,35,1,5,2,2,1,1,1,1,12
CARMEN DE LA LEGUA,46,1,4,2,2,2,1,1,1,12
CARMEN DE LA LEGUA,40,1,4,3,6,3,1,1,1,12
CARMEN DE LA LEGUA,38,1,6,3,6,1,1,1,1,12
CARMEN DE LA LEGUA,22,1,5,2,2,4,1,1,1,12
CARMEN DE LA LEGUA,22,0,6,2,5,1,1,1,1,12
CARMEN DE LA LEGUA,43,1,1,2,2,1,1,1,1,12
CARMEN DE LA LEGUA,30,1,6,2,6,1,6,1,1,12
CARMEN DE LA LEGUA,41,1,4,2,2,5,1,1,1,12
CARMEN DE LA LEGUA,60,1,6,2,2,6,1,1,1,12
CARMEN DE LA LEGUA,38,0,6,1,1,1,1,1,1,12
CARMEN DE LA LEGUA,44,1,4,2,2,1,1,1,1,12
CARMEN DE LA LEGUA,69,0,3,2,2,1,1,1,1,12
CARMEN DE LA LEGUA,56,0,6,3,2,1,1,1,1,12
CARMEN DE LA LEGUA,64,1,6,2,1,1,1,1,1,12
CARMEN DE LA LEGUA,19,1,4,2,1,1,1,1,1,12
CARMEN DE LA LEGUA,35,1,4,3,2,1,1,1,1,12
CARMEN DE LA LEGUA,43,1,4,2,2,1,1,1,1,12
CARMEN DE LA LEGUA,36,1,4,2,2,1,1,1,1,12
CARMEN DE LA LEGUA,37,1,1,2,6,2,2,1,1,12
CARMEN DE LA LEGUA,23,1,3,3,1,5,1,1,1,12
CARMEN DE LA LEGUA,29,1,3,3,6,1,1,1,1,12
CARMEN DE LA LEGUA,38,1,3,3,6,1,1,1,1,12
CARMEN DE LA LEGUA,56,1,4,2,1,1,1,1,1,12
CARMEN DE LA LEGUA,22,1,1,3,2,2,1,1,1,12
CARMEN DE LA LEGUA,54,1,4,3,1,2,1,1,1,12
CARMEN DE LA LEGUA,32,1,3,2,6,1,1,1,1,12
CARMEN DE LA LEGUA,32,1,4,2,2,4,1,1,1,12
CARMEN DE LA LEGUA,38,1,1,2,1,1,1,1,1,12
CARMEN DE LA LEGUA,31,1,5,3,2,2,1,1,1,12
CARMEN DE LA LEGUA,49,1,4,3,2,1,1,1,1,12
CARMEN DE LA LEGUA,52,1,6,2,6,1,1,1,1,12
CARMEN DE LA LEGUA,43,1,4,3,6,1,1,1,1,12
CARMEN DE LA LEGUA,42,1,4,3,6,1,1,1,1,12
CARMEN DE LA LEGUA,25,1,4,3,2,1,1,1,1,12
CARMEN DE LA LEGUA,30,1,4,3,2,1,1,1,1,12
CARMEN DE LA LEGUA,46,1,2,2,1,1,1,1,1,12
CARMEN DE LA LEGUA,54,1,3,2,2,1,1,1,1,12
CARMEN DE LA LEGUA,39,1,4,3,6,1,1,1,2,12
CARMEN DE LA LEGUA,54,1,4,2,6,2,1,1,1,12
CARMEN DE LA LEGUA,27,1,4,3,2,1,1,1,1,12
CARMEN DE LA LEGUA,44,1,5,2,2,2,1,1,1,12
CARMEN DE LA LEGUA,20,1,6,3,2,2,1,1,1,12
CARMEN DE LA LEGUA,31,1,4,3,2,1,1,1,1,12
CARMEN DE LA LEGUA,64,0,1,1,1,1,1,1,1,12
CARMEN DE LA LEGUA,66,1,3,3,1,1,1,1,1,12
CARMEN DE LA LEGUA,50,1,4,3,2,1,1,1,2,12
CARMEN DE LA LEGUA,30,1,6,3,1,1,1,1,1,12
CARMEN DE LA LEGUA,32,1,6,2,2,3,2,1,1,12
CARMEN DE LA LEGUA,43,1,4,3,6,1,1,1,1,12
CARMEN DE LA LEGUA,24,1,4,2,2,1,1,1,1,12
CARMEN DE LA LEGUA,46,1,4,3,6,1,1,1,1,12
CARMEN DE LA LEGUA,48,1,4,3,6,1,1,1,1,12
CARMEN DE LA LEGUA,34,1,4,2,2,2,1,1,1,12
CARMEN DE LA LEGUA,55,1,6,3,2,1,1,1,1,12
CARMEN DE LA LEGUA,40,1,3,2,1,1,1,1,1,12
CARMEN DE LA LEGUA,51,1,1,1,1,2,1,1,2,12
CARMEN DE LA LEGUA,31,1,4,2,6,2,1,1,1,12
CARMEN DE LA LEGUA,52,1,1,3,2,2,1,1,2,12
CARMEN DE LA LEGUA,43,1,3,2,5,1,1,1,1,12
CARMEN DE LA LEGUA,28,1,5,2,1,1,1,1,1,12
CARMEN DE LA LEGUA,31,1,2,2,2,1,1,1,1,12
CARMEN DE LA LEGUA,24,0,6,2,2,1,1,1,1,12
CARMEN DE LA LEGUA,43,1,4,3,1,1,1,1,1,12
CARMEN DE LA LEGUA,45,1,1,2,2,1,1,1,1,12
CARMEN DE LA LEGUA,26,1,4,3,6,2,1,1,1,12
CARMEN DE LA LEGUA,32,1,6,2,6,3,1,1,1,12
CARMEN DE LA LEGUA,26,0,4,2,2,2,1,1,1,12
HUAMANGA,33,1,3,3,2,1,1,1,1,1
HUAMANGA,32,1,3,3,5,1,1,1,1,1
HUAMANGA,49,0,1,3,2,1,1,1,1,1
HUAMANGA,28,1,3,3,5,2,1,1,1,1
HUAMANGA,26,1,3,3,2,1,1,1,1,1
HUAMANGA,44,1,3,3,2,1,1,1,2,1
HUAMANGA,43,1,3,2,1,1,1,1,2,1
HUAMANGA,39,1,4,2,2,1,1,1,1,1
HUAMANGA,43,1,1,3,2,2,1,1,2,1
HUAMANGA,22,1,3,3,2,1,1,1,1,1
HUAMANGA,41,1,4,3,2,1,1,1,1,1
HUAMANGA,63,1,3,2,2,1,1,1,2,1
HUAMANGA,45,1,3,2,2,1,1,1,2,1
HUAMANGA,36,1,3,2,2,2,1,1,1,1
HUAMANGA,30,1,4,2,6,2,2,1,1,1
HUAMANGA,27,1,3,3,2,2,1,1,2,1
HUAMANGA,36,1,6,3,5,1,1,1,1,1
HUAMANGA,32,1,4,3,6,1,1,1,2,1
HUAMANGA,24,0,3,3,2,1,1,1,2,1
HUAMANGA,35,1,3,2,2,1,1,1,2,1
HUAMANGA,41,1,5,3,2,1,1,1,2,1
HUAMANGA,50,1,3,2,6,1,1,1,2,1
HUAMANGA,38,1,1,2,2,1,1,1,2,1
HUAMANGA,30,1,6,3,2,1,1,1,2,1
HUAMANGA,38,1,3,2,6,1,1,1,2,1
HUAMANGA,35,1,1,2,6,1,1,1,2,1
HUAMANGA,23,1,3,3,6,1,1,1,2,1
HUAMANGA,26,1,3,3,5,2,1,1,2,1
HUAMANGA,49,1,1,2,5,1,1,1,2,1
HUAMANGA,30,1,3,3,6,2,1,1,2,1
HUAMANGA,29,1,3,2,2,1,1,1,1,1
HUAMANGA,60,1,4,3,5,1,1,1,2,1
HUAMANGA,22,1,4,3,2,1,1,1,2,1
HUAMANGA,36,1,4,2,6,1,1,1,2,1
HUAMANGA,44,1,1,2,2,1,1,1,2,1
HUAMANGA,40,1,1,3,2,1,1,1,2,1
HUAMANGA,32,1,3,3,5,1,1,1,2,1
HUAMANGA,35,1,3,3,2,2,1,1,1,1
HUAMANGA,39,1,4,3,2,1,1,1,1,1
HUAMANGA,31,1,4,2,2,1,1,1,1,1
HUAMANGA,31,1,3,2,2,2,1,1,1,1
HUAMANGA,54,1,3,2,2,2,1,1,1,1
HUAMANGA,55,1,3,2,2,2,1,1,2,1
HUAMANGA,26,1,3,3,2,1,1,1,2,1
HUAMANGA,40,1,3,2,4,2,1,1,2,1
HUAMANGA,33,1,4,3,6,2,1,1,1,1
HUAMANGA,45,1,3,2,2,1,1,1,1,1
HUAMANGA,44,1,3,3,6,1,1,1,1,1
HUAMANGA,46,1,1,3,2,1,1,1,1,2
HUAMANGA,29,1,1,2,2,1,1,1,1,2
HUAMANGA,24,1,3,3,2,1,1,1,2,2
HUAMANGA,29,1,3,3,2,1,1,1,1,2
HUAMANGA,30,1,3,3,6,1,1,1,2,2
HUAMANGA,58,1,1,3,2,1,1,1,2,2
HUAMANGA,45,1,3,3,2,1,1,1,2,2
HUAMANGA,44,1,1,3,1,1,1,1,2,2
HUAMANGA,42,1,1,2,2,1,1,5,1,2
HUAMANGA,40,1,4,2,2,2,1,1,2,2
HUAMANGA,21,1,3,3,2,1,1,1,2,2
HUAMANGA,54,1,1,3,2,1,1,1,2,2
HUAMANGA,28,1,1,3,6,2,2,1,1,2
HUAMANGA,24,1,3,3,2,1,1,1,2,2
HUAMANGA,54,1,3,3,6,1,1,1,2,2
HUAMANGA,35,1,3,2,2,1,1,1,1,2
HUAMANGA,35,1,6,3,6,1,1,1,2,2
HUAMANGA,32,1,3,2,2,1,1,1,2,2
HUAMANGA,60,1,4,3,2,2,1,1,2,2
HUAMANGA,31,1,4,2,2,1,1,1,1,2
HUAMANGA,47,1,3,3,2,1,1,1,2,2
HUAMANGA,33,1,3,3,2,1,1,1,2,2
HUAMANGA,38,1,3,3,2,1,1,1,1,2
HUAMANGA,35,1,3,3,6,1,1,1,2,2
HUAMANGA,40,1,1,3,2,1,1,1,2,2
HUAMANGA,56,1,3,3,2,1,1,1,2,2
HUAMANGA,35,1,4,2,6,1,1,1,2,2
HUAMANGA,27,1,3,3,2,1,1,1,1,2
HUAMANGA,31,1,3,3,5,1,1,1,1,2
HUAMANGA,36,1,1,3,2,1,1,1,2,2
HUAMANGA,41,1,3,2,2,1,1,1,1,2
HUAMANGA,31,1,3,2,2,1,1,1,2,2
HUAMANGA,33,1,5,2,1,1,1,1,1,2
HUAMANGA,38,0,3,3,6,2,1,1,1,2
HUAMANGA,32,1,3,2,2,1,1,1,1,2
HUAMANGA,41,1,3,3,6,2,1,1,1,2
HUAMANGA,40,1,4,2,2,1,1,1,1,2
HUAMANGA,42,1,1,3,2,1,1,1,2,2
HUAMANGA,36,1,3,2,2,1,1,1,2,2
HUAMANGA,34,1,4,3,5,2,1,1,2,2
HUAMANGA,48,1,1,3,5,2,1,1,1,2
HUAMANGA,52,1,3,3,2,1,1,1,2,2
HUAMANGA,59,1,1,3,2,1,1,1,2,2
HUAMANGA,54,1,1,2,2,2,1,1,2,2
HUAMANGA,51,1,3,3,6,1,1,1,2,2
HUAMANGA,39,1,4,2,2,1,1,1,1,2
HUAMANGA,41,1,1,3,1,1,1,1,2,2
HUAMANGA,35,1,1,3,2,1,1,1,2,2
HUAMANGA,36,1,4,3,2,2,1,1,2,2
HUAMANGA,34,1,3,2,2,2,1,1,2,3
HUAMANGA,61,0,3,3,6,2,1,1,2,3
HUAMANGA,49,1,1,2,2,2,1,1,2,3
HUAMANGA,26,1,3,3,6,2,1,1,2,3
HUAMANGA,51,0,3,3,6,1,1,1,2,3
HUAMANGA,34,1,4,3,6,1,1,1,2,3
HUAMANGA,46,1,5,2,2,1,1,1,2,3
HUAMANGA,31,1,3,3,2,2,1,1,2,3
HUAMANGA,49,1,1,3,6,1,1,1,2,3
HUAMANGA,25,1,3,3,2,1,1,1,2,3
HUAMANGA,51,0,3,3,2,1,1,1,2,3
HUAMANGA,27,1,3,3,5,2,1,1,2,3
HUAMANGA,26,1,3,3,2,5,1,1,2,3
HUAMANGA,57,1,4,2,2,1,1,1,2,3
HUAMANGA,29,1,3,3,6,1,1,1,1,3
HUAMANGA,44,1,1,2,2,1,1,1,1,3
HUAMANGA,21,0,6,3,2,1,1,1,1,3
HUAMANGA,42,1,1,3,2,2,1,1,2,3
HUAMANGA,29,0,4,2,2,1,1,1,2,3
HUAMANGA,35,1,3,3,1,1,1,1,2,3
HUAMANGA,48,1,3,3,6,1,1,1,2,3
HUAMANGA,19,1,3,3,2,1,1,1,2,3
HUAMANGA,35,1,3,3,2,1,1,1,1,3
HUAMANGA,48,1,6,3,2,1,1,1,1,3
HUAMANGA,52,1,1,2,2,1,1,1,1,3
HUAMANGA,36,0,4,2,2,1,1,1,1,3
HUAMANGA,32,1,4,3,2,1,1,1,1,3
HUAMANGA,44,0,3,3,2,1,1,1,2,3
HUAMANGA,45,1,1,2,2,2,1,1,2,3
HUAMANGA,28,1,3,3,2,1,1,1,2,3
HUAMANGA,38,1,3,3,2,2,1,1,1,3
HUAMANGA,27,1,2,2,2,2,1,2,1,3
HUAMANGA,31,1,3,3,2,1,1,1,1,3
HUAMANGA,49,1,3,3,6,2,1,1,2,3
HUAMANGA,46,1,1,2,5,2,1,1,2,3
HUAMANGA,27,1,1,3,2,1,1,1,2,3
HUAMANGA,61,1,1,2,2,2,1,1,2,3
HUAMANGA,55,1,4,3,2,1,1,1,1,3
HUAMANGA,37,1,2,2,1,1,1,1,2,3
HUAMANGA,49,1,2,2,6,2,1,1,2,3
HUAMANGA,58,1,3,3,2,2,1,1,1,3
HUAMANGA,50,0,6,3,2,1,1,1,1,3
HUAMANGA,36,1,3,3,6,1,1,1,2,3
HUAMANGA,44,1,3,3,2,1,1,1,2,3
HUAMANGA,47,1,3,2,5,1,1,1,2,3
HUAMANGA,52,1,1,2,5,5,1,1,2,3
HUAMANGA,50,1,1,2,2,2,1,1,2,3
HUAMANGA,23,0,3,2,2,1,1,1,2,3
HUAMANGA,55,1,4,2,2,1,1,1,1,3
HUAMANGA,37,1,1,3,2,2,1,1,2,3
HUAMANGA,60,1,3,2,2,1,1,1,2,4
HUAMANGA,67,1,4,2,2,1,1,1,2,4
HUAMANGA,36,1,1,3,2,1,1,1,2,4
HUAMANGA,43,1,3,3,6,2,1,1,2,4
HUAMANGA,35,1,5,3,2,2,2,1,2,4
HUAMANGA,52,1,1,2,2,2,1,1,2,4
HUAMANGA,49,1,4,3,6,1,1,1,2,4
HUAMANGA,35,1,3,3,6,1,1,1,1,4
HUAMANGA,35,1,4,2,6,1,1,1,1,4
HUAMANGA,21,1,3,3,2,1,1,1,2,4
HUAMANGA,42,1,1,3,6,1,1,1,2,4
HUAMANGA,42,1,1,3,2,1,1,1,2,4
HUAMANGA,44,1,3,3,6,2,1,1,2,4
HUAMANGA,40,1,4,2,6,1,1,1,1,4
HUAMANGA,33,1,6,3,6,1,1,1,2,4
HUAMANGA,39,1,4,2,2,6,1,1,2,4
HUAMANGA,34,1,3,3,2,2,1,1,2,4
HUAMANGA,36,1,3,2,5,1,1,1,2,4
HUAMANGA,43,1,3,3,2,1,1,1,2,4
HUAMANGA,31,1,3,2,2,2,1,1,2,4
HUAMANGA,34,1,4,2,2,1,1,1,1,4
HUAMANGA,34,1,6,3,2,2,1,1,1,4
HUAMANGA,31,1,3,3,6,2,1,1,2,4
HUAMANGA,44,1,1,2,2,1,1,1,2,4
HUAMANGA,42,1,3,2,6,1,1,1,1,4
HUAMANGA,23,1,3,3,2,1,1,1,2,4
HUAMANGA,57,1,1,3,6,2,1,1,1,4
HUAMANGA,30,1,4,2,2,1,1,1,1,4
HUAMANGA,39,1,3,3,6,1,1,1,1,4
HUAMANGA,19,1,3,3,2,1,1,1,1,4
HUAMANGA,37,1,1,3,6,2,1,1,1,4
HUAMANGA,42,1,3,2,2,1,1,1,2,4
HUAMANGA,38,1,1,3,2,1,1,1,1,4
HUAMANGA,29,1,3,2,6,2,1,1,1,4
HUAMANGA,36,1,1,3,2,1,1,1,1,4
HUAMANGA,19,1,1,3,2,1,1,1,2,4
HUAMANGA,52,1,1,2,5,2,1,1,2,4
HUAMANGA,48,1,3,2,6,2,1,1,2,4
HUAMANGA,34,1,3,3,6,1,1,1,2,5
HUAMANGA,35,1,3,3,1,1,1,1,2,5
HUAMANGA,61,1,3,3,2,1,1,1,2,5
HUAMANGA,51,1,6,2,5,1,1,1,1,5
HUAMANGA,28,1,3,3,6,1,1,1,2,5
HUAMANGA,45,1,1,2,2,1,1,1,2,5
HUAMANGA,51,1,6,3,2,1,1,1,1,5
HUAMANGA,51,1,3,2,6,1,1,1,2,5
HUAMANGA,43,1,4,3,6,1,1,1,2,5
HUAMANGA,42,1,1,3,2,2,1,1,2,5
HUAMANGA,39,1,3,3,6,1,1,1,2,5
HUAMANGA,26,1,3,3,6,1,1,1,2,5
HUAMANGA,24,1,6,2,6,2,1,1,2,5
HUAMANGA,23,0,6,2,6,1,1,1,1,5
HUAMANGA,36,1,1,2,1,1,1,1,2,5
HUAMANGA,44,1,1,2,6,2,1,1,2,5
HUAMANGA,48,1,3,3,2,1,1,1,2,5
HUAMANGA,38,1,3,2,6,1,1,1,2,5
HUAMANGA,36,1,3,2,2,2,1,1,2,5
HUAMANGA,39,1,3,2,2,1,1,1,2,5
HUAMANGA,43,1,1,3,1,1,1,2,1,5
HUAMANGA,36,1,4,2,2,1,1,1,2,5
HUAMANGA,44,1,4,2,2,1,1,1,1,5
HUAMANGA,27,1,5,2,2,1,1,1,1,5
HUAMANGA,39,1,3,3,2,1,1,1,2,5
HUAMANGA,31,1,3,3,2,1,1,1,1,5
HUAMANGA,30,1,3,3,2,1,1,1,1,5
HUAMANGA,29,1,3,3,2,1,1,1,1,5
HUAMANGA,34,1,3,2,2,1,1,1,1,5
HUAMANGA,33,1,3,2,2,1,1,1,2,5
HUAMANGA,45,1,3,3,2,1,1,1,1,5
HUAMANGA,31,1,4,3,2,1,1,1,1,5
HUAMANGA,25,1,4,3,2,1,1,1,1,5
HUAMANGA,28,0,6,3,2,1,1,1,1,5
HUAMANGA,57,1,6,3,5,1,1,1,2,5
HUAMANGA,52,1,4,3,6,2,1,1,2,5
HUAMANGA,46,1,1,3,5,1,1,1,2,5
HUAMANGA,30,1,3,2,2,1,1,1,1,5
HUAMANGA,22,1,3,2,2,1,1,1,1,5
HUAMANGA,37,1,1,3,5,1,1,1,2,5
HUAMANGA,23,1,4,2,6,1,1,1,1,5
HUAMANGA,28,1,3,2,2,1,1,1,1,5
HUAMANGA,43,1,3,2,2,1,1,1,2,5
HUAMANGA,25,1,1,3,5,2,2,1,2,5
HUAMANGA,41,1,6,3,2,1,1,1,2,5
HUAMANGA,33,1,3,2,6,2,1,1,1,5
HUAMANGA,53,1,3,2,2,1,1,1,2,6
HUAMANGA,31,1,5,3,6,2,1,1,1,6
HUAMANGA,35,1,4,3,2,1,1,1,1,6
HUAMANGA,22,1,3,2,2,1,1,1,1,6
HUAMANGA,49,1,4,3,2,1,1,1,2,6
HUAMANGA,40,1,1,3,6,1,1,1,1,6
HUAMANGA,31,1,3,3,2,1,1,1,2,6
HUAMANGA,30,1,3,2,2,1,1,1,1,6
HUAMANGA,27,1,3,3,6,1,1,1,2,6
HUAMANGA,37,1,3,2,6,2,1,1,2,6
HUAMANGA,25,1,4,3,2,1,1,1,1,6
HUAMANGA,40,1,1,3,2,1,1,1,1,6
HUAMANGA,53,1,2,3,2,1,1,1,2,6
HUAMANGA,44,1,1,3,2,2,1,1,1,6
HUAMANGA,23,1,3,2,2,1,1,1,1,6
HUAMANGA,58,1,5,3,2,2,1,1,1,6
HUAMANGA,54,1,3,2,2,1,1,1,1,6
HUAMANGA,52,1,1,2,2,1,1,1,2,6
HUAMANGA,40,1,4,2,2,1,1,1,1,6
HUAMANGA,32,1,3,2,2,1,1,1,1,6
HUAMANGA,23,1,3,3,6,1,1,1,1,6
HUAMANGA,19,1,6,3,6,2,1,1,1,6
HUAMANGA,36,1,4,2,2,2,1,1,1,6
HUAMANGA,40,1,3,3,2,1,1,1,2,6
HUAMANGA,20,1,3,3,2,1,1,1,1,6
HUAMANGA,43,1,3,2,1,1,1,1,1,6
HUAMANGA,39,1,3,3,2,1,1,1,2,6
HUAMANGA,38,1,3,2,6,1,1,1,2,6
HUAMANGA,47,1,3,3,2,4,1,1,2,6
HUAMANGA,24,1,3,3,2,1,1,1,2,6
HUAMANGA,33,1,4,3,2,1,1,1,1,6
HUAMANGA,32,1,3,3,6,2,1,1,2,6
HUAMANGA,35,1,4,2,2,1,1,1,2,6
HUAMANGA,22,1,4,2,6,1,1,1,1,6
HUAMANGA,36,1,3,3,6,1,1,1,2,6
HUAMANGA,33,1,4,2,6,1,1,1,2,6
HUAMANGA,34,1,3,2,5,2,1,1,2,6
HUAMANGA,61,1,2,2,2,1,1,1,1,6
HUAMANGA,42,1,3,2,2,1,1,1,2,6
HUAMANGA,45,1,3,2,2,1,1,1,2,6
HUAMANGA,31,1,3,3,6,1,1,1,2,6
HUAMANGA,41,1,4,3,2,1,1,1,1,6
HUAMANGA,32,1,6,3,6,2,1,1,1,6
HUAMANGA,34,1,4,3,2,1,1,2,2,6
HUAMANGA,23,1,4,3,6,1,1,1,2,6
HUAMANGA,31,1,1,3,2,1,1,1,2,6
HUAMANGA,64,1,3,2,2,1,1,1,2,6
HUAMANGA,29,1,1,3,2,1,1,1,1,6
HUAMANGA,41,1,1,2,2,1,1,1,2,6
HUAMANGA,44,1,1,3,2,1,1,1,2,6
HUAMANGA,23,1,3,3,6,1,1,1,2,6
HUAMANGA,35,1,4,2,6,2,1,1,2,6
HUAMANGA,30,1,5,3,2,2,1,1,1,6
HUAMANGA,23,1,3,3,6,1,1,1,2,6
HUAMANGA,30,1,1,3,2,1,1,1,2,6
HUAMANGA,48,1,3,2,2,2,2,1,1,6
HUAMANGA,64,1,1,2,2,2,1,1,2,6
HUAMANGA,39,1,3,3,2,2,1,1,1,7
HUAMANGA,37,1,3,2,2,1,1,1,1,7
HUAMANGA,49,0,4,2,6,3,1,1,2,7
HUAMANGA,34,1,1,3,6,1,1,1,2,7
HUAMANGA,45,1,1,2,2,1,1,1,2,7
HUAMANGA,30,1,4,3,6,2,1,1,1,7
HUAMANGA,36,1,4,2,2,1,1,1,2,7
HUAMANGA,31,1,1,3,6,2,1,1,2,7
HUAMANGA,42,1,3,3,2,3,1,1,1,7
HUAMANGA,30,1,3,3,2,1,1,1,2,7
HUAMANGA,26,1,1,3,6,1,1,1,1,7
HUAMANGA,31,1,4,3,2,2,1,1,2,7
HUAMANGA,45,1,2,2,2,1,1,1,1,7
HUAMANGA,49,1,1,2,6,1,1,1,2,7
HUAMANGA,34,1,1,2,2,1,1,1,2,7
HUAMANGA,22,0,6,3,6,1,1,2,2,7
HUAMANGA,27,1,3,2,2,2,1,1,2,7
HUAMANGA,53,1,1,2,2,1,1,1,2,7
HUAMANGA,52,1,3,2,2,1,1,1,1,7
HUAMANGA,36,1,3,2,6,1,1,1,1,7
HUAMANGA,21,1,5,2,6,1,1,1,1,7
HUAMANGA,67,0,1,2,2,1,1,1,2,7
HUAMANGA,21,1,3,3,2,1,1,1,2,7
HUAMANGA,43,1,3,3,6,1,1,1,2,7
HUAMANGA,36,1,3,2,2,2,1,1,1,7
HUAMANGA,23,1,1,2,2,1,1,1,2,7
HUAMANGA,57,1,3,3,1,1,1,1,1,7
HUAMANGA,51,1,3,2,2,1,1,1,2,7
HUAMANGA,33,1,4,2,2,1,1,1,2,7
HUAMANGA,41,1,1,2,2,1,1,1,1,7
HUAMANGA,30,1,3,2,6,4,1,1,2,7
HUAMANGA,57,1,1,2,5,1,1,1,2,7
HUAMANGA,20,1,3,3,2,1,1,1,1,7
HUAMANGA,48,1,1,2,2,1,1,1,1,7
HUAMANGA,25,1,3,2,6,1,1,1,1,7
HUAMANGA,52,1,3,2,2,1,1,1,1,7
HUAMANGA,43,1,3,3,2,1,1,1,2,7
HUAMANGA,59,1,1,2,6,1,1,1,1,7
HUAMANGA,52,1,4,3,2,2,1,1,2,7
HUAMANGA,53,1,3,2,2,1,1,1,1,7
HUAMANGA,35,1,1,2,6,1,1,1,1,7
HUAMANGA,27,1,5,3,2,1,1,1,1,7
HUAMANGA,39,1,1,2,6,1,1,1,1,7
HUAMANGA,42,1,1,2,6,1,1,1,1,7
HUAMANGA,21,1,3,2,2,2,1,1,2,7
HUAMANGA,22,1,3,3,5,2,1,3,2,7
HUAMANGA,33,1,3,2,2,2,1,1,1,7
HUAMANGA,39,1,3,3,5,1,1,1,1,7
HUAMANGA,31,1,3,3,6,2,1,1,1,7
HUAMANGA,39,1,3,3,2,2,1,1,1,7
HUAMANGA,48,1,3,2,6,2,1,1,2,7
HUAMANGA,28,1,6,3,2,1,1,1,1,7
HUAMANGA,50,1,3,2,2,2,1,1,1,7
HUAMANGA,42,1,1,2,6,1,1,1,2,7
HUAMANGA,40,1,1,2,2,1,1,1,1,7
HUAMANGA,41,1,1,2,2,1,1,1,1,7
HUAMANGA,35,1,3,2,2,1,1,1,1,7
HUAMANGA,40,1,3,2,6,2,1,1,2,7
HUAMANGA,34,1,3,3,6,2,1,1,2,7
HUAMANGA,32,1,3,2,2,1,1,1,1,7
HUAMANGA,40,1,3,3,2,1,1,1,1,8
HUAMANGA,34,1,4,2,2,1,1,2,1,8
HUAMANGA,38,1,3,2,2,1,1,1,2,8
HUAMANGA,39,1,1,2,2,1,1,1,2,8
HUAMANGA,30,1,3,3,2,1,1,1,2,8
HUAMANGA,36,1,4,2,2,1,1,1,1,8
HUAMANGA,54,1,1,2,5,1,1,1,1,8
HUAMANGA,40,1,1,2,2,2,1,1,2,8
HUAMANGA,27,1,3,3,2,1,1,1,1,8
HUAMANGA,37,1,3,2,2,1,1,1,1,8
HUAMANGA,48,1,1,2,2,1,1,1,1,8
HUAMANGA,27,1,1,3,2,1,1,1,1,8
HUAMANGA,32,1,6,3,2,1,1,1,1,8
HUAMANGA,32,1,3,2,2,1,1,1,1,8
HUAMANGA,43,1,5,3,2,2,1,1,2,8
HUAMANGA,32,1,3,3,2,1,1,1,2,8
HUAMANGA,52,1,1,2,2,1,1,1,2,8
HUAMANGA,23,1,3,2,2,1,1,1,1,8
HUAMANGA,26,0,3,3,6,1,1,1,1,8
HUAMANGA,40,1,1,2,5,1,1,1,2,8
HUAMANGA,37,1,6,3,1,1,1,1,1,8
HUAMANGA,37,1,4,3,6,2,1,1,1,8
HUAMANGA,21,1,3,3,6,2,1,1,1,8
HUAMANGA,33,1,1,2,6,1,1,1,2,8
HUAMANGA,31,1,6,3,6,1,1,1,2,8
HUAMANGA,36,1,4,2,6,1,1,1,1,8
HUAMANGA,37,1,1,3,6,1,1,1,2,8
HUAMANGA,66,1,6,2,2,1,1,1,1,8
HUAMANGA,51,1,3,2,2,1,1,1,2,8
HUAMANGA,41,1,5,2,2,1,1,1,1,8
HUAMANGA,21,1,3,3,6,1,1,1,2,8
HUAMANGA,32,1,1,3,5,2,1,1,2,8
HUAMANGA,45,1,4,2,2,1,1,1,2,8
HUAMANGA,40,1,1,2,2,2,1,1,1,8
HUAMANGA,42,1,3,2,2,1,1,1,2,8
HUAMANGA,33,1,3,3,6,1,1,1,1,8
HUAMANGA,41,1,3,3,2,1,1,1,2,8
HUAMANGA,44,1,1,3,2,1,1,1,2,8
HUAMANGA,37,1,3,3,6,1,1,1,2,8
HUAMANGA,36,1,3,3,6,1,1,1,1,8
HUAMANGA,37,1,6,2,2,1,1,1,1,8
HUAMANGA,44,1,4,2,2,1,1,1,1,8
HUAMANGA,29,1,3,3,6,2,1,1,1,8
HUAMANGA,38,1,1,2,2,1,1,1,2,8
HUAMANGA,38,1,3,2,2,1,1,1,2,8
HUAMANGA,23,1,3,3,6,6,2,2,2,9
HUAMANGA,26,1,4,3,2,2,1,1,1,9
HUAMANGA,53,1,2,3,2,1,1,1,1,9
HUAMANGA,30,1,6,2,5,1,1,2,1,9
HUAMANGA,35,1,4,3,6,2,1,2,1,9
HUAMANGA,28,1,3,3,2,1,1,1,2,9
HUAMANGA,41,1,6,2,2,1,1,1,2,9
HUAMANGA,33,1,3,2,6,1,1,1,2,9
HUAMANGA,29,1,1,2,6,1,1,1,2,9
HUAMANGA,51,1,3,2,6,2,2,1,2,9
HUAMANGA,66,1,1,2,2,1,1,1,2,9
HUAMANGA,50,1,1,3,2,1,1,1,1,9
HUAMANGA,34,1,1,3,2,2,1,1,2,9
HUAMANGA,23,0,3,3,2,1,1,1,1,9
HUAMANGA,38,1,3,3,4,2,1,1,1,9
HUAMANGA,20,1,3,3,2,1,1,1,1,9
HUAMANGA,21,1,3,3,2,1,1,1,1,9
HUAMANGA,31,1,3,3,1,1,1,1,1,9
HUAMANGA,31,1,3,2,2,1,1,1,1,9
HUAMANGA,33,1,3,2,2,1,1,1,2,9
HUAMANGA,54,1,1,2,2,1,1,1,2,9
HUAMANGA,28,1,6,2,2,1,1,1,1,9
HUAMANGA,32,1,3,3,6,1,1,1,1,9
HUAMANGA,63,0,3,2,2,1,1,1,1,9
HUAMANGA,53,1,1,2,2,1,1,1,1,9
HUAMANGA,56,1,1,2,6,1,1,1,1,9
HUAMANGA,26,1,3,3,6,1,1,1,2,9
HUAMANGA,19,1,3,3,1,1,1,1,1,9
HUAMANGA,27,1,5,3,6,1,1,1,2,9
HUAMANGA,24,1,3,3,2,1,1,1,1,9
HUAMANGA,36,1,3,3,6,1,1,1,2,9
HUAMANGA,46,1,4,2,6,6,1,1,1,9
HUAMANGA,44,1,1,3,2,1,1,1,1,9
HUAMANGA,26,1,4,3,1,1,1,1,1,9
HUAMANGA,46,1,3,2,2,1,1,1,2,9
HUAMANGA,38,1,1,2,2,1,1,1,1,9
HUAMANGA,35,1,3,3,1,1,1,1,2,9
HUAMANGA,26,1,3,3,2,2,1,2,2,9
HUAMANGA,39,1,4,3,2,1,1,1,1,9
HUAMANGA,31,1,3,3,2,2,1,1,1,9
HUAMANGA,20,1,3,3,2,1,1,1,1,9
HUAMANGA,58,1,1,3,2,2,1,1,2,9
HUAMANGA,37,1,5,3,6,2,1,1,2,9
HUAMANGA,22,1,3,3,6,5,1,1,1,9
HUAMANGA,23,1,4,2,2,1,1,1,1,9
HUAMANGA,25,1,3,3,1,1,1,1,1,9
HUAMANGA,20,1,6,2,2,2,1,1,1,9
HUAMANGA,26,1,5,3,2,2,2,1,2,9
HUAMANGA,36,1,1,2,2,1,1,1,2,9
HUAMANGA,55,1,4,2,2,1,1,1,1,9
HUAMANGA,36,1,3,3,2,1,1,1,2,9
HUAMANGA,60,1,5,2,5,1,1,1,2,9
HUAMANGA,59,1,1,2,2,1,1,1,2,9
HUAMANGA,32,1,4,3,6,5,1,1,2,9
HUAMANGA,42,1,4,3,6,1,1,1,2,10
HUAMANGA,31,1,1,3,6,6,1,1,2,10
HUAMANGA,36,1,6,3,6,2,1,1,1,10
HUAMANGA,49,1,1,3,6,2,1,1,2,10
HUAMANGA,29,1,3,2,1,1,1,1,2,10
HUAMANGA,30,1,1,3,6,2,1,1,2,10
HUAMANGA,26,1,5,3,6,1,1,1,1,10
HUAMANGA,54,1,1,2,6,1,1,1,2,10
HUAMANGA,45,1,4,2,6,2,1,1,2,10
HUAMANGA,29,1,4,2,6,1,1,1,2,10
HUAMANGA,24,1,4,3,2,1,1,1,1,10
HUAMANGA,51,1,3,2,5,1,1,1,2,10
HUAMANGA,37,1,3,3,1,1,1,1,2,10
HUAMANGA,45,1,3,3,2,1,1,1,1,10
HUAMANGA,25,1,3,2,5,2,1,1,1,10
HUAMANGA,43,1,3,3,2,1,1,1,1,10
HUAMANGA,47,1,1,3,2,6,1,1,1,10
HUAMANGA,37,1,1,3,2,1,1,1,2,10
HUAMANGA,34,1,1,2,2,1,1,1,2,10
HUAMANGA,28,1,4,3,2,1,1,1,2,10
HUAMANGA,33,1,6,2,2,1,1,1,2,10
HUAMANGA,23,1,4,3,2,2,6,6,2,10
HUAMANGA,45,1,2,3,2,1,1,1,2,10
HUAMANGA,35,1,1,3,1,1,1,1,2,10
HUAMANGA,50,1,4,2,2,1,1,1,2,10
HUAMANGA,35,1,3,3,6,2,1,1,2,10
HUAMANGA,40,1,1,3,2,1,1,1,2,10
HUAMANGA,43,1,1,2,5,1,1,1,2,10
HUAMANGA,52,1,4,2,2,1,1,1,1,10
HUAMANGA,44,1,1,3,2,1,1,1,2,10
HUAMANGA,23,0,3,3,6,2,1,1,2,10
HUAMANGA,35,1,4,2,6,1,1,1,1,10
HUAMANGA,33,1,3,3,2,1,1,1,2,10
HUAMANGA,22,0,3,3,2,1,1,2,2,10
HUAMANGA,44,1,3,2,2,2,1,1,1,10
HUAMANGA,21,1,3,3,5,2,1,1,1,10
HUAMANGA,24,0,3,3,5,1,1,1,1,10
HUAMANGA,38,1,1,3,2,1,1,1,2,10
HUAMANGA,46,1,1,3,2,2,1,1,1,10
HUAMANGA,20,1,4,3,2,1,1,1,2,10
HUAMANGA,42,1,3,2,5,6,1,1,1,11
HUAMANGA,20,1,3,3,2,1,1,1,2,11
HUAMANGA,24,1,4,2,5,1,1,1,2,11
HUAMANGA,45,1,4,2,2,1,1,1,1,11
HUAMANGA,48,1,1,3,2,2,1,1,1,11
HUAMANGA,41,1,1,2,2,3,1,1,1,11
HUAMANGA,25,1,3,3,2,1,1,1,1,11
HUAMANGA,44,1,3,3,2,2,2,1,2,11
HUAMANGA,54,1,3,2,2,2,1,5,2,11
HUAMANGA,34,1,3,2,2,1,1,1,1,11
HUAMANGA,28,1,5,3,6,2,1,1,1,11
HUAMANGA,33,1,3,3,5,2,1,1,1,11
HUAMANGA,27,1,5,3,6,1,1,2,1,11
HUAMANGA,33,1,3,3,2,2,1,1,1,11
HUAMANGA,34,1,1,3,2,1,1,1,1,11
HUAMANGA,37,1,6,2,2,2,1,1,2,11
HUAMANGA,19,1,3,3,6,1,1,1,1,11
HUAMANGA,43,1,3,2,6,1,1,1,2,11
HUAMANGA,45,1,5,2,2,1,1,1,1,11
HUAMANGA,44,1,5,3,6,1,2,1,1,11
HUAMANGA,33,1,1,3,6,1,3,1,1,11
HUAMANGA,37,1,6,3,2,1,1,1,1,11
HUAMANGA,40,1,3,3,2,2,1,1,2,11
HUAMANGA,32,1,3,2,2,1,1,1,2,11
HUAMANGA,41,1,3,2,2,1,1,1,2,11
HUAMANGA,40,1,3,3,6,2,1,1,2,11
HUAMANGA,60,1,3,2,2,1,1,1,2,11
HUAMANGA,41,1,4,2,5,1,1,1,1,11
HUAMANGA,44,1,3,2,2,1,1,1,1,11
HUAMANGA,50,1,1,2,2,1,1,1,1,11
HUAMANGA,27,1,1,2,2,1,1,1,1,11
HUAMANGA,38,1,4,2,6,1,1,1,1,11
HUAMANGA,25,1,4,3,6,6,1,1,1,11
HUAMANGA,46,1,1,3,2,3,3,1,2,11
HUAMANGA,47,1,3,2,2,1,1,1,2,11
HUAMANGA,24,1,3,1,6,2,1,1,1,11
HUAMANGA,33,1,3,3,2,1,1,1,2,11
HUAMANGA,37,1,1,3,6,1,1,1,2,11
HUAMANGA,24,1,3,3,2,2,2,1,2,11
HUAMANGA,23,1,4,2,2,2,1,1,1,11
HUAMANGA,43,1,4,2,2,2,1,1,1,11
HUAMANGA,39,1,3,3,6,5,2,1,2,11
HUAMANGA,47,1,3,2,2,1,1,1,2,11
HUAMANGA,25,1,4,1,4,5,5,1,2,11
HUAMANGA,20,1,3,3,5,4,1,1,1,11
HUAMANGA,34,1,4,2,2,2,1,1,1,11
HUAMANGA,34,1,3,3,2,2,1,1,1,11
HUAMANGA,32,1,4,2,4,2,1,1,1,11
HUAMANGA,41,1,3,3,2,2,1,1,2,11
HUAMANGA,31,1,3,3,6,1,1,1,2,12
HUAMANGA,35,1,3,3,2,2,1,1,1,12
HUAMANGA,32,1,3,2,4,4,1,1,1,12
HUAMANGA,36,0,1,2,2,2,1,1,2,12
HUAMANGA,20,1,3,3,6,4,2,2,2,12
HUAMANGA,52,1,3,2,2,1,1,1,2,12
HUAMANGA,27,1,3,3,2,2,1,2,1,12
HUAMANGA,39,1,1,3,2,2,1,1,2,12
HUAMANGA,19,1,3,2,2,2,1,1,2,12
HUAMANGA,22,1,5,3,2,2,1,2,1,12
HUAMANGA,39,0,1,3,5,2,1,2,1,12
HUAMANGA,67,1,1,2,2,2,3,2,1,12
HUAMANGA,29,1,6,3,2,2,1,2,1,12
HUAMANGA,35,1,6,3,6,4,2,1,2,12
HUAMANGA,38,1,3,3,2,2,1,1,2,12
HUAMANGA,18,1,4,3,2,2,1,1,1,12
HUAMANGA,31,1,1,3,2,2,1,5,2,12
HUAMANGA,41,1,1,2,2,1,1,1,1,12
HUAMANGA,42,1,1,3,1,1,1,1,1,12
HUAMANGA,29,1,3,3,2,1,1,1,2,12
HUAMANGA,23,1,4,3,1,1,1,1,2,12
HUAMANGA,23,0,5,3,6,2,1,6,2,12
HUAMANGA,44,1,6,2,6,3,2,1,1,12
HUAMANGA,45,1,4,2,2,1,1,1,1,12
HUAMANGA,21,1,3,2,2,1,1,1,1,12
HUAMANGA,33,1,4,3,2,1,1,1,1,12
HUAMANGA,35,1,4,2,2,2,1,1,1,12
HUAMANGA,39,1,4,2,6,1,1,1,1,12
HUAMANGA,37,1,3,3,6,2,1,1,2,12
HUAMANGA,52,1,1,3,1,1,1,1,1,12
HUAMANGA,37,1,1,2,2,3,1,1,2,12
HUAMANGA,46,1,1,2,2,1,1,1,2,12
HUAMANGA,28,1,4,2,2,5,1,1,1,12
HUAMANGA,26,1,4,2,6,1,1,1,2,12
HUAMANGA,19,1,4,3,2,1,1,1,1,12
HUAMANGA,36,1,3,3,2,1,1,1,1,12
HUAMANGA,36,1,1,3,5,2,1,1,1,12
HUAMANGA,30,1,3,2,2,2,1,1,1,12
HUAMANGA,28,1,1,2,2,1,1,1,1,12
HUAMANGA,49,0,6,3,2,2,2,1,1,12
HUAMANGA,29,1,6,3,2,2,1,1,1,12
HUAMANGA,33,1,4,3,2,5,1,1,1,12
HUAMANGA,25,1,5,2,6,1,1,1,1,12
HUAMANGA,40,1,4,3,6,2,2,1,1,12
HUAMANGA,62,1,3,2,2,1,1,1,2,12
HUAMANGA,33,1,1,2,2,2,1,1,1,12
HUAMANGA,28,1,6,2,2,2,1,1,1,12
HUAMANGA,34,1,3,2,2,1,1,1,2,12
HUAMANGA,37,0,3,3,1,1,2,1,1,12
HUAMANGA,32,1,4,3,2,2,1,1,1,12
HUAMANGA,31,1,3,3,2,1,1,1,2,12
HUAMANGA,41,1,4,2,2,1,1,1,1,12
HUAMANGA,32,1,1,3,2,2,2,1,2,12
HUAMANGA,37,1,3,3,5,2,1,1,1,12
HUAMANGA,53,1,4,3,2,1,1,1,1,12
HUAMANGA,29,1,3,2,2,2,1,1,2,12
HUAMANGA,26,1,3,2,5,2,1,2,1,12
HUAMANGA,25,1,4,3,6,5,1,1,1,12
HUAMANGA,34,1,3,3,6,1,1,1,2,12
HUAMANGA,32,1,3,3,6,1,1,1,1,12
HUAMANGA,31,1,3,3,6,1,1,1,1,12
SAYLLA,29,0,3,3,1,1,1,1,2,11
SAYLLA,19,0,4,3,5,1,1,2,2,11
SAYLLA,32,1,6,3,2,2,1,1,1,11
SAYLLA,23,1,6,3,2,3,5,3,2,11
SAYLLA,19,1,3,3,1,1,1,1,1,12
SAYLLA,44,1,1,2,2,1,1,1,1,12
SAYLLA,47,1,4,3,2,1,1,1,2,12
SAYLLA,23,1,4,3,2,1,1,1,2,12
SAYLLA,44,1,1,2,6,1,1,1,1,12
SAYLLA,38,1,3,3,5,1,1,1,2,12
SAYLLA,49,1,1,3,2,1,1,1,1,12
SAYLLA,49,1,6,3,2,1,1,1,1,12
SAYLLA,30,1,3,3,5,1,1,1,2,12
SAYLLA,45,0,4,3,2,1,1,1,1,12
SAYLLA,30,0,1,3,2,1,1,1,2,12
SAYLLA,35,0,4,3,2,1,1,1,1,12
SAYLLA,19,1,4,3,1,1,1,1,1,12
SAYLLA,21,1,3,3,5,5,1,1,1,12
SAYLLA,38,0,4,2,1,1,1,1,1,12
SAYLLA,34,1,1,3,2,2,1,1,1,12
SAYLLA,36,1,3,3,2,1,1,1,1,12
SAYLLA,51,1,1,3,5,1,1,1,2,12
SAYLLA,39,1,4,3,2,1,1,1,1,12
SAYLLA,40,0,4,2,2,1,1,1,2,12
SAYLLA,23,0,4,3,2,1,1,1,2,12
SAYLLA,48,1,6,2,2,1,1,2,2,12
SAYLLA,18,1,4,3,2,1,1,1,1,12
SAYLLA,31,0,4,3,6,1,1,1,3,12
SAYLLA,40,1,3,3,2,1,1,1,1,12
SAYLLA,24,1,3,3,2,1,1,1,2,12
SAYLLA,35,1,1,3,6,1,1,1,1,12
SAYLLA,43,1,4,3,2,1,1,1,2,12
SAYLLA,54,0,1,2,1,1,1,1,1,12
SAYLLA,39,1,3,3,2,2,1,1,1,12
SAYLLA,39,1,6,3,2,1,1,1,1,12
